-- --------------------------------------------------------
-- Host:                         10.60.98.115
-- Server version:               5.7.34 - MySQL Community Server (GPL)
-- Server OS:                    Linux
-- HeidiSQL Version:             11.3.0.6295
-- --------------------------------------------------------

/*!40101 SET @OLD_CHARACTER_SET_CLIENT=@@CHARACTER_SET_CLIENT */;
/*!40101 SET NAMES utf8 */;
/*!50503 SET NAMES utf8mb4 */;
/*!40014 SET @OLD_FOREIGN_KEY_CHECKS=@@FOREIGN_KEY_CHECKS, FOREIGN_KEY_CHECKS=0 */;
/*!40101 SET @OLD_SQL_MODE=@@SQL_MODE, SQL_MODE='NO_AUTO_VALUE_ON_ZERO' */;
/*!40111 SET @OLD_SQL_NOTES=@@SQL_NOTES, SQL_NOTES=0 */;


-- Dumping database structure for vtman
CREATE DATABASE IF NOT EXISTS `vtman` /*!40100 DEFAULT CHARACTER SET utf8 */;
USE `vtman`;

-- Dumping structure for table vtman.ACTION
CREATE TABLE IF NOT EXISTS `ACTION` (
  `ACTION_ID` int(11) NOT NULL,
  `ACTION_NAME` varchar(500) CHARACTER SET utf8 COLLATE utf8_unicode_ci DEFAULT NULL,
  `STATUS` int(11) NOT NULL,
  `CREATED_DATE` datetime DEFAULT NULL,
  `CREATED_BY` int(11) DEFAULT NULL,
  `UPDATED_DATE` datetime DEFAULT NULL,
  `UPDATED_BY` int(11) DEFAULT NULL,
  PRIMARY KEY (`ACTION_ID`)
) ENGINE=InnoDB DEFAULT CHARSET=utf8;

-- Dumping data for table vtman.ACTION: ~4 rows (approximately)
DELETE FROM `ACTION`;
/*!40000 ALTER TABLE `ACTION` DISABLE KEYS */;
INSERT INTO `ACTION` (`ACTION_ID`, `ACTION_NAME`, `STATUS`, `CREATED_DATE`, `CREATED_BY`, `UPDATED_DATE`, `UPDATED_BY`) VALUES
	(1, 'Read', 1, '2021-05-31 00:00:00', NULL, NULL, NULL),
	(2, 'Write', 1, '2021-05-31 00:00:00', NULL, NULL, NULL),
	(3, 'Update', 1, '2021-05-31 00:00:00', NULL, NULL, NULL),
	(4, 'Delete', 1, '2021-05-31 00:00:00', NULL, NULL, NULL);
/*!40000 ALTER TABLE `ACTION` ENABLE KEYS */;

-- Dumping structure for table vtman.AUTOMATIC_CONTENT
CREATE TABLE IF NOT EXISTS `AUTOMATIC_CONTENT` (
  `AUTOMATIC_CONTENT_ID` int(11) NOT NULL AUTO_INCREMENT,
  `AUTOMATIC_CONTENT_NAME` varchar(1010) CHARACTER SET utf8 COLLATE utf8_unicode_ci DEFAULT NULL,
  `NUMBER_ORDER` int(11) DEFAULT NULL,
  `AUTOMATIC_CONTENT_TYPE` int(11) NOT NULL,
  `STATUS` int(11) NOT NULL,
  `DESCRIPTION` varchar(500) CHARACTER SET utf8 COLLATE utf8_unicode_ci DEFAULT NULL,
  `CREATED_DATE` datetime DEFAULT NULL,
  `CREATED_BY` int(11) DEFAULT NULL,
  `UPDATED_DATE` datetime DEFAULT NULL,
  `UPDATED_BY` int(11) DEFAULT NULL,
  PRIMARY KEY (`AUTOMATIC_CONTENT_ID`)
) ENGINE=InnoDB AUTO_INCREMENT=232 DEFAULT CHARSET=utf8;

-- Dumping data for table vtman.AUTOMATIC_CONTENT: ~22 rows (approximately)
DELETE FROM `AUTOMATIC_CONTENT`;
/*!40000 ALTER TABLE `AUTOMATIC_CONTENT` DISABLE KEYS */;
INSERT INTO `AUTOMATIC_CONTENT` (`AUTOMATIC_CONTENT_ID`, `AUTOMATIC_CONTENT_NAME`, `NUMBER_ORDER`, `AUTOMATIC_CONTENT_TYPE`, `STATUS`, `DESCRIPTION`, `CREATED_DATE`, `CREATED_BY`, `UPDATED_DATE`, `UPDATED_BY`) VALUES
	(1, 'Bạn cần VTMan Hero giúp gì nữa không?', NULL, 9, 1, 'Trợ giúp khác', '2021-05-13 03:04:09', 24, '2021-06-16 16:53:59', NULL),
	(2, 'Dường như VTMan Hero không thể trả lời câu hỏi của bạn!; VTMan Hero đã gửi câu hỏi của bạn đến Phòng ban có thể trả lời câu hỏi của bạn trong thời gian sớm nhất!', NULL, 8, 1, 'Xác nhận câu hỏi gửi tới phòng ban', '2021-05-20 12:06:53', 12, '2021-06-16 17:48:56', 35),
	(3, 'Xin chào bạn!Tôi là VTMan Hero; Trợ lý ảo của Viettel Post!!', NULL, 1, 1, 'Gửi lời chào có 5 tin nhắn!', '2021-05-26 06:54:13', 12, '2021-06-30 19:59:25', 35),
	(5, 'Dưới đây là những câu hỏi thường gặp, VTMan Hero đã tổng hợp lại; Bạn hãy chọn câu hỏi phù hợp với mình nhé!', NULL, 3, 1, 'Chọn câu hỏi có 1 tin nhắn', '2021-05-26 06:56:51', 12, '2021-05-27 01:45:35', 10),
	(6, 'VTMan Hero luôn lắng nghe bạn!; Hãy nhập câu hỏi của mình để VTMan Hero có thể giúp bạn nhé', NULL, 4, 1, 'Tự đặt câu hỏi có 5 tin nhắn', '2021-05-26 07:04:24', 12, '2021-06-16 16:03:22', NULL),
	(9, 'Dưới đây là những câu hỏi thường gặp,Bạn hãy chọn câu hỏi phù hợp với mình nhé!', NULL, 3, 1, 'Chọn câu hỏi có 1 tin nhắn', '2021-05-26 16:45:32', 12, '2021-05-27 02:28:11', 10),
	(10, 'Dường như VTMan Hero không thể trả lời câu hỏi của bạn. VTMan Hero đã gửi câu hỏi của bạn đến phòng ban chuyên trách để có thể trả lời câu hỏi của bạn trong thời gian sớm nhất!', NULL, 8, 1, NULL, '2021-05-26 16:51:26', 12, NULL, NULL),
	(11, 'Bạn cần VTMan Hero hỗ trợ gì khác nữa không?; Tôi luôn sẵn lòng hỗ trợ bạn!', NULL, 9, 1, NULL, '2021-05-26 16:55:12', 12, '2021-06-21 13:50:42', 35),
	(12, 'Chúng tôi đang gặp sự cố!; Bạn vui lòng quay lại sau nhé!', NULL, 11, 1, NULL, '2021-05-26 16:56:19', 12, NULL, NULL),
	(13, 'Rất tiếc! hiện tại hệ thống không có phản hồi; Bạn vui lòng quay lại vào thời gian khác nhé!', NULL, 11, 1, 'Lỗi hệ thống', '2021-05-26 16:58:08', 12, '2021-06-16 15:58:28', NULL),
	(15, 'VTMan Hero đã tìm được những câu hỏi có thể bạn muốn hỏi; Bạn hãy chọn câu hỏi bên dưới để tôi hỗ trợ bạn', NULL, 5, 1, 'Đề xuất câu hỏi theo từ khóa', '2021-05-26 17:02:25', 12, NULL, NULL),
	(18, 'Bất cứ khi nào bạn cần hỗ trợ, hãy nhắn tin cho VTMan Hero nhé! Chúc bạn ngày tốt lành nhé!', NULL, 10, 1, 'Kết thúc phiên hỏi đáp', '2021-05-26 19:57:39', 12, '2021-06-17 09:44:27', 35),
	(173, 'VTMan Hero luôn hỗ trợ bạn; Bạn vui lòng nhập câu hỏi để tôi có thể giúp bạn trả lời nhé!', NULL, 4, 1, '', '2021-05-26 10:05:56', 12, NULL, NULL),
	(174, 'Xin chào bạn; Bạn có câu hỏi nào cho chúng tôi!', NULL, 4, 1, '', '2021-05-27 07:18:55', 12, '2021-06-16 15:31:41', NULL),
	(204, 'Bạn không được nói từ cấm đâu nhé!', NULL, 12, 1, 'Từ khóa bị cấm', '2021-06-16 16:04:32', 35, '2021-06-17 09:44:00', 35),
	(211, 'Hãy lựa chọn chủ đề bạn muốn hỏi VTMan Hero nhé!', NULL, 2, 1, 'Chọn chủ đề', '2021-06-17 15:51:52', 12, NULL, NULL),
	(212, 'Thông tin mà VTMan Hero đưa ra cho bạn có giúp ích cho bạn không?', NULL, 13, 1, 'Hỏi thông tin có giúp ích không', '2021-06-21 15:06:53', 12, NULL, NULL),
	(213, 'Điều gì khiến bạn không hài lòng với VTMan Hero vậy? Hãy nói để VTMan Hero thay đổi nhé!', NULL, 15, 1, 'Chia sẻ điều không hài lòng', '2021-06-21 15:53:34', 12, '2021-06-23 15:31:28', 35),
	(214, 'Xin lỗi bạn, VTMan Hero không hiểu ý của bạn! Hãy bổ sung câu hỏi để VTMan Hero có thể hiểu được bạn nhé!', NULL, 14, 1, 'Không hiểu ý người hỏi ', '2021-06-22 11:21:35', 12, NULL, NULL),
	(215, 'VTMan Hero vẫn đang đợi phản hồi từ bạn!', NULL, 6, 1, 'Sắp hết thời gian chờ', '2021-06-22 16:24:05', 12, '2021-06-30 19:20:08', 35),
	(216, 'Hiện tại, VTMan Hero không thấy bạn phản hồi! Khi nào bạn cần trợ giúp, hãy gọi VTMan Hero nhé!', NULL, 7, 0, 'Đã hết thời gian chờ', '2021-06-22 16:26:00', 12, NULL, NULL),
	(217, 'Xin lỗi số câu hỏi chưa được trả lời đã quá cấu hình. Bạn đợi phản hồi sau đó đặt câu hỏi nhé!', 1, 16, 1, '', '2021-06-23 15:19:16', 35, NULL, NULL);
/*!40000 ALTER TABLE `AUTOMATIC_CONTENT` ENABLE KEYS */;

-- Dumping structure for table vtman.AUTO_CONTENT_TYPE
CREATE TABLE IF NOT EXISTS `AUTO_CONTENT_TYPE` (
  `AUTO_CONTENT_TYPE` int(11) NOT NULL,
  `NAME` varchar(255) CHARACTER SET utf8 COLLATE utf8_unicode_ci NOT NULL,
  PRIMARY KEY (`AUTO_CONTENT_TYPE`)
) ENGINE=InnoDB DEFAULT CHARSET=utf8;

-- Dumping data for table vtman.AUTO_CONTENT_TYPE: ~16 rows (approximately)
DELETE FROM `AUTO_CONTENT_TYPE`;
/*!40000 ALTER TABLE `AUTO_CONTENT_TYPE` DISABLE KEYS */;
INSERT INTO `AUTO_CONTENT_TYPE` (`AUTO_CONTENT_TYPE`, `NAME`) VALUES
	(1, 'Gửi lời chào'),
	(2, 'Chọn chủ đề'),
	(3, 'Chọn câu hỏi'),
	(4, 'Tự đặt câu hỏi'),
	(5, 'Đề xuất câu hỏi theo từ khoá'),
	(6, 'Sắp hết thời gian chờ'),
	(7, 'Đã hết thời gian chờ'),
	(8, 'Xác nhận gửi câu hỏi tới phòng ban'),
	(9, 'Trợ giúp khác'),
	(10, 'Kết thúc phiên hỏi đáp'),
	(11, 'Lỗi hệ thống'),
	(12, 'Từ khoá bị cấm'),
	(13, 'Hỏi thông tin có giúp ích không'),
	(14, 'Không hiểu ý người hỏi'),
	(15, 'Chia sẻ điều không hài lòng'),
	(16, 'Vượt quá số câu hỏi config');
/*!40000 ALTER TABLE `AUTO_CONTENT_TYPE` ENABLE KEYS */;

-- Dumping structure for table vtman.CONTENT_BANNED
CREATE TABLE IF NOT EXISTS `CONTENT_BANNED` (
  `CONTENT_BANNED_ID` int(11) NOT NULL AUTO_INCREMENT,
  `CONTENT_BANNED_NAME` varchar(200) CHARACTER SET utf8mb4 COLLATE utf8mb4_unicode_ci DEFAULT NULL,
  `NUMBER_ORDER` int(11) DEFAULT NULL,
  `DESCRIPTION` varchar(500) COLLATE utf8_unicode_ci DEFAULT NULL,
  `CREATED_DATE` datetime DEFAULT NULL,
  `CREATED_BY` int(11) DEFAULT NULL,
  `UPDATED_DATE` datetime DEFAULT NULL,
  `UPDATED_BY` int(11) DEFAULT NULL,
  PRIMARY KEY (`CONTENT_BANNED_ID`)
) ENGINE=InnoDB AUTO_INCREMENT=186 DEFAULT CHARSET=utf8 COLLATE=utf8_unicode_ci;

-- Dumping data for table vtman.CONTENT_BANNED: ~10 rows (approximately)
DELETE FROM `CONTENT_BANNED`;
/*!40000 ALTER TABLE `CONTENT_BANNED` DISABLE KEYS */;
INSERT INTO `CONTENT_BANNED` (`CONTENT_BANNED_ID`, `CONTENT_BANNED_NAME`, `NUMBER_ORDER`, `DESCRIPTION`, `CREATED_DATE`, `CREATED_BY`, `UPDATED_DATE`, `UPDATED_BY`) VALUES
	(139, 'bọn ngu', NULL, '', '2021-06-23 18:59:42', 35, '2021-06-30 19:08:15', 35),
	(149, 'check trùng', NULL, '', '2021-06-23 19:28:49', 35, NULL, NULL),
	(160, 'phát xít', NULL, '', '2021-06-24 14:39:53', 35, NULL, NULL),
	(167, 'ngoại bang', NULL, '', '2021-06-25 10:59:41', 99, NULL, NULL),
	(176, 'á dụ', NULL, 'Thuộc những từ rất ngạy cảm', '2021-06-30 15:27:51', 35, '2021-06-30 19:08:56', 35),
	(177, 'sai lầm', NULL, 'thuộc từ nhạy cảm về cảm xúc', '2021-06-30 15:28:28', 35, NULL, NULL),
	(181, 'phat xit', NULL, '', '2021-06-30 19:06:16', 35, NULL, NULL),
	(182, 'chó con', NULL, '', '2021-06-30 19:17:13', 35, NULL, NULL),
	(183, 'con mèo', NULL, 'động vật', '2021-06-30 19:17:32', 35, NULL, NULL),
	(184, 'con heo', NULL, 'động vật', '2021-06-30 19:18:21', 35, NULL, NULL);
/*!40000 ALTER TABLE `CONTENT_BANNED` ENABLE KEYS */;

-- Dumping structure for table vtman.DATABASE_CHANGE_LOG_LOCK
CREATE TABLE IF NOT EXISTS `DATABASE_CHANGE_LOG_LOCK` (
  `ID` int(11) NOT NULL,
  `LOCKED` bit(1) NOT NULL,
  `LOCKGRANTED` datetime DEFAULT NULL,
  `LOCKEDBY` varchar(255) CHARACTER SET utf8 COLLATE utf8_unicode_ci DEFAULT NULL,
  PRIMARY KEY (`ID`)
) ENGINE=InnoDB DEFAULT CHARSET=utf8;

-- Dumping data for table vtman.DATABASE_CHANGE_LOG_LOCK: ~0 rows (approximately)
DELETE FROM `DATABASE_CHANGE_LOG_LOCK`;
/*!40000 ALTER TABLE `DATABASE_CHANGE_LOG_LOCK` DISABLE KEYS */;
INSERT INTO `DATABASE_CHANGE_LOG_LOCK` (`ID`, `LOCKED`, `LOCKGRANTED`, `LOCKEDBY`) VALUES
	(1, b'0', NULL, NULL);
/*!40000 ALTER TABLE `DATABASE_CHANGE_LOG_LOCK` ENABLE KEYS */;

-- Dumping structure for table vtman.DAY_OFF
CREATE TABLE IF NOT EXISTS `DAY_OFF` (
  `DAY_OFF_ID` int(11) NOT NULL AUTO_INCREMENT,
  `DATE` date DEFAULT NULL,
  `CREATED_DATE` datetime DEFAULT NULL,
  `CREATED_BY` int(11) DEFAULT NULL,
  `UPDATED_DATE` datetime DEFAULT NULL,
  `UPDATED_BY` int(11) DEFAULT NULL,
  `DATE_STR` varchar(100) CHARACTER SET utf8 COLLATE utf8_unicode_ci DEFAULT NULL,
  PRIMARY KEY (`DAY_OFF_ID`)
) ENGINE=InnoDB AUTO_INCREMENT=221 DEFAULT CHARSET=utf8;

-- Dumping data for table vtman.DAY_OFF: ~1 rows (approximately)
DELETE FROM `DAY_OFF`;
/*!40000 ALTER TABLE `DAY_OFF` DISABLE KEYS */;
INSERT INTO `DAY_OFF` (`DAY_OFF_ID`, `DATE`, `CREATED_DATE`, `CREATED_BY`, `UPDATED_DATE`, `UPDATED_BY`, `DATE_STR`) VALUES
	(220, '2021-09-02', '2021-06-30 19:29:21', NULL, NULL, NULL, '2021-09-02');
/*!40000 ALTER TABLE `DAY_OFF` ENABLE KEYS */;

-- Dumping structure for table vtman.DEPARTMENT
CREATE TABLE IF NOT EXISTS `DEPARTMENT` (
  `DEPARTMENT_ID` int(11) NOT NULL AUTO_INCREMENT,
  `DEPARTMENT_NAME` varchar(200) CHARACTER SET utf8 COLLATE utf8_unicode_ci DEFAULT NULL,
  `DEPARTMENT_CODE` varchar(200) CHARACTER SET utf8 COLLATE utf8_bin NOT NULL,
  `DESCRIPTION` varchar(500) CHARACTER SET utf8 COLLATE utf8_unicode_ci DEFAULT NULL,
  `STATUS` int(11) DEFAULT NULL,
  `CREATED_DATE` datetime DEFAULT NULL,
  `CREATED_BY` int(11) DEFAULT NULL,
  `UPDATED_DATE` datetime DEFAULT NULL,
  `UPDATED_BY` int(11) DEFAULT NULL,
  PRIMARY KEY (`DEPARTMENT_ID`)
) ENGINE=InnoDB AUTO_INCREMENT=70 DEFAULT CHARSET=utf8;

-- Dumping data for table vtman.DEPARTMENT: ~11 rows (approximately)
DELETE FROM `DEPARTMENT`;
/*!40000 ALTER TABLE `DEPARTMENT` DISABLE KEYS */;
INSERT INTO `DEPARTMENT` (`DEPARTMENT_ID`, `DEPARTMENT_NAME`, `DEPARTMENT_CODE`, `DESCRIPTION`, `STATUS`, `CREATED_DATE`, `CREATED_BY`, `UPDATED_DATE`, `UPDATED_BY`) VALUES
	(1, 'Phòng Tài chính', 'PTC', 'Liên quan đến phòng tài chính', 1, '2021-06-21 14:27:11', 35, '2021-06-21 14:27:11', 35),
	(2, 'Phòng Tổ chức lao động', 'PTCLD', NULL, 1, '2021-06-21 14:27:11', 35, '2021-06-26 23:39:28', 35),
	(4, 'Phòng Chính trị', 'PCT', '', 1, '2021-06-21 14:27:11', 35, '2021-06-30 10:16:16', 35),
	(5, 'Phòng Pháp Chế', 'PPC', '', 1, '2021-06-21 14:27:11', 35, '2021-06-25 20:32:43', 35),
	(6, 'Phòng Đào tạo truyền thông', 'PDTTT', '', 1, '2021-06-21 14:27:11', 35, '2021-06-25 10:11:55', 35),
	(7, 'Phòng Thanh tra  Giám sát', 'PTT-GS', '', 1, '2021-06-21 14:27:11', 35, '2021-06-27 15:52:37', 35),
	(8, 'Phòng Marketing', 'PMAKETING', '', 1, '2021-06-21 14:27:11', 35, '2021-06-27 15:50:49', 35),
	(9, 'Phòng Phát triển Kênh', 'PPTK', '', 1, '2021-06-21 14:27:11', 35, '2021-06-25 10:12:28', 35),
	(11, 'Phòng Chiến lược kinh doanh', 'PCLKD', '12', 1, '2021-06-21 14:27:11', 35, '2021-06-30 19:55:17', 35),
	(12, 'Phòng Nghiên cứu và Phát triển', 'PNC-PT', '', 1, '2021-06-21 14:27:11', 35, '2021-06-27 14:45:01', 35),
	(33, 'Phòng Công nghệ thông tin', 'CNTT', '1', 1, '2021-06-25 15:00:22', 35, '2021-06-30 10:16:22', 35);
/*!40000 ALTER TABLE `DEPARTMENT` ENABLE KEYS */;

-- Dumping structure for table vtman.EMPLOYEE
CREATE TABLE IF NOT EXISTS `EMPLOYEE` (
  `EMPLOYEE_ID` int(11) NOT NULL AUTO_INCREMENT,
  `EMPLOYEE_CODE` varchar(200) CHARACTER SET utf8 COLLATE utf8_unicode_ci NOT NULL,
  `EMPLOYEE_NAME` varchar(200) CHARACTER SET utf8 COLLATE utf8_unicode_ci DEFAULT NULL,
  `EMAIL` varchar(200) CHARACTER SET utf8 COLLATE utf8_unicode_ci DEFAULT NULL,
  `USER_ID` int(11) DEFAULT NULL COMMENT 'SSO Viettelpost userId',
  `USER_NAME` varchar(200) CHARACTER SET utf8 COLLATE utf8_unicode_ci DEFAULT NULL,
  `DESCRIPTION` varchar(500) CHARACTER SET utf8 COLLATE utf8_unicode_ci DEFAULT NULL,
  `POSITION_ID` int(11) DEFAULT NULL,
  `DEPARTMENT_ID` int(11) NOT NULL,
  `ROLE_ID` int(11) DEFAULT NULL,
  `STATUS` int(11) NOT NULL,
  `CREATED_DATE` datetime DEFAULT NULL,
  `CREATED_BY` int(11) DEFAULT NULL,
  `UPDATED_DATE` datetime DEFAULT NULL,
  `UPDATED_BY` int(11) DEFAULT NULL,
  PRIMARY KEY (`EMPLOYEE_ID`),
  UNIQUE KEY `USER_ID_UNIQUE` (`USER_ID`)
) ENGINE=InnoDB AUTO_INCREMENT=96 DEFAULT CHARSET=utf8;

-- Dumping data for table vtman.EMPLOYEE: ~26 rows (approximately)
DELETE FROM `EMPLOYEE`;
/*!40000 ALTER TABLE `EMPLOYEE` DISABLE KEYS */;
INSERT INTO `EMPLOYEE` (`EMPLOYEE_ID`, `EMPLOYEE_CODE`, `EMPLOYEE_NAME`, `EMAIL`, `USER_ID`, `USER_NAME`, `DESCRIPTION`, `POSITION_ID`, `DEPARTMENT_ID`, `ROLE_ID`, `STATUS`, `CREATED_DATE`, `CREATED_BY`, `UPDATED_DATE`, `UPDATED_BY`) VALUES
	(1, '098108', 'Tống Thị Thu Hường', 'huongttt41@viettel.com.vn', NULL, NULL, NULL, 4, 6, 6, 1, '2021-05-18 03:57:04', NULL, '2021-06-25 16:09:33', 35),
	(2, '277892', 'Hoàng Anh Dũng', 'dungha11@viettel.com.vn', NULL, NULL, NULL, 1, 5, 5, 1, '2021-05-18 03:57:04', NULL, NULL, NULL),
	(3, '234562', 'Lò Quang Phúc', 'phuclq2@viettel.com.vn', NULL, NULL, NULL, 2, 7, 1, 1, '2021-05-18 03:57:04', NULL, '2021-06-30 10:28:52', 35),
	(4, '076231', 'Lê Công Vinh', 'vinhlc@viettel.com.vn', NULL, NULL, NULL, 3, 9, 6, 1, '2021-05-18 03:57:04', NULL, '2021-06-27 17:19:09', 35),
	(5, '229377', 'Phạm Thị Nhíp', 'nhippt@viettel.com.vn', NULL, NULL, NULL, 0, 0, 0, 1, '2021-05-18 03:57:04', NULL, NULL, NULL),
	(7, '068901', 'Lâm Quang Thi', 'thilq5@viettel.com.vn', NULL, NULL, NULL, 2, 8, 2, 1, '2021-05-18 03:57:04', NULL, '2021-06-24 07:59:19', 35),
	(8, '837549', 'Khánh Vân Lê', 'khanhvl@viettel.com.vn', NULL, NULL, NULL, 1, 33, 6, 1, '2021-05-18 03:57:04', NULL, '2021-06-27 17:46:13', 35),
	(9, '879564', 'Phạm Văn Hùng', 'hungpv@viiettel.com.vn', NULL, NULL, NULL, 3, 7, 6, 1, '2021-05-18 03:57:04', NULL, '2021-06-30 16:08:39', 35),
	(10, '056433', 'Đàm Vĩnh Hưng', 'hungdv@viiettel.com.vn', NULL, NULL, NULL, 2, 2, 6, 1, '2021-05-18 03:57:04', NULL, '2021-06-25 10:23:07', 35),
	(20, '277896', 'Nguyễn Thị Xuyến', 'xuyennt13@viette.com.vn', NULL, NULL, NULL, 1, 11, 2, 1, '2021-05-11 22:50:47', NULL, '2021-06-25 11:53:22', 35),
	(21, 'AAFFDD', 'Sơn Lò Văn', 'nguontest69@viettelpost.com.vn', 18978, NULL, NULL, 1, 4, 2, 1, NULL, NULL, '2021-06-18 09:05:21', 35),
	(22, 'ADADDA', 'Nguyễn Văn A', 'nguontest14@viettelpost.com.vn', 3970, NULL, NULL, 1, 11, 6, 1, NULL, NULL, '2021-06-25 09:37:56', 35),
	(23, '007009', 'Cao Thái Sơn', 'sonct101@viettel.com.vn', NULL, NULL, NULL, 1, 12, 2, 1, '2021-05-18 05:45:47', NULL, '2021-06-25 09:38:46', 35),
	(24, '276101', 'Nguyễn Phương Hằng', 'hangnp@viettel.com.vn', NULL, NULL, NULL, 1, 11, 5, 1, '2021-05-18 05:45:58', NULL, NULL, NULL),
	(25, '277808', 'Quan Vân Trường', 'truongqv1@viettel.com.vn', NULL, NULL, NULL, 2, 9, 6, 1, '2021-05-18 03:54:18', NULL, '2021-06-25 09:37:35', 35),
	(26, '115511', 'Vương Văn Phúc', 'phucvv@viettel.com.vn', NULL, NULL, NULL, 3, 8, 5, 1, '2021-05-18 03:56:02', NULL, '2021-06-25 09:40:22', 35),
	(27, '023023', 'Mạc Hồng Quân', 'quanmh11@viettel.com.vn', NULL, NULL, NULL, 3, 1, 2, 1, '2021-05-18 03:57:04', NULL, '2021-06-30 10:30:12', 35),
	(28, '001002', 'Bùi Xuân Kiên', 'kienbx@viettel.com.vn', NULL, NULL, NULL, 2, 12, 6, 1, '2021-05-18 03:58:00', NULL, '2021-06-30 10:29:57', 35),
	(35, '952468', 'Nguyễn Trường Sơn', 'thunghiemchatbot@gmail.com', 235140, NULL, NULL, 2, 5, 1, 1, NULL, NULL, NULL, NULL),
	(46, 'ADADFF', 'Nguồn test 1', 'nguontest1@viettelpost.com.vn', 4008, NULL, NULL, 3, 4, 5, 1, NULL, NULL, '2021-06-25 09:35:59', 35),
	(73, '012345', 'Nguyễn Thanh Hùng', 'hungnnt205@viettel.com.vn', NULL, NULL, NULL, 2, 11, 1, 1, '2021-05-11 22:50:47', NULL, '2021-06-17 16:25:46', 35),
	(76, '097844', 'Hiển Đoàn Văn', 'hiendv16@viettelpost.com.vn', 4639, 'nguontest22', NULL, 4, 7, 5, 1, NULL, NULL, '2021-06-25 09:51:50', 35),
	(78, 'VTB009', 'Phạm Văn B', NULL, 570562, 'nguontest21', NULL, 5, 9, 6, 1, NULL, NULL, '2021-06-30 10:35:14', 35),
	(79, '007023', 'Trần Thị Mỹ', 'mytt101@viettel.com.vn', NULL, NULL, NULL, 1, 4, 1, 1, '2021-05-18 05:45:47', NULL, '2021-06-30 19:56:20', 35),
	(80, '277801', 'Nguyễn Thị Hằng Nga', 'nganth12@viettel.com.vn', NULL, NULL, NULL, 1, 7, 5, 1, '2021-05-18 05:45:58', NULL, NULL, NULL),
	(95, '952460', 'Đoàn Văn Hiển', NULL, 570563, 'nguontest22', NULL, 0, 1, 7, 1, NULL, NULL, NULL, NULL);
/*!40000 ALTER TABLE `EMPLOYEE` ENABLE KEYS */;

-- Dumping structure for table vtman.EVALUATE
CREATE TABLE IF NOT EXISTS `EVALUATE` (
  `EVALUATE_ID` int(11) NOT NULL AUTO_INCREMENT,
  `EVALUATE_NAME` varchar(500) CHARACTER SET utf8 COLLATE utf8_unicode_ci DEFAULT NULL,
  `EMPLOYEE_ID` int(11) DEFAULT NULL,
  `CREATED_DATE` datetime DEFAULT NULL,
  PRIMARY KEY (`EVALUATE_ID`)
) ENGINE=InnoDB AUTO_INCREMENT=49 DEFAULT CHARSET=utf8;

-- Dumping data for table vtman.EVALUATE: ~47 rows (approximately)
DELETE FROM `EVALUATE`;
/*!40000 ALTER TABLE `EVALUATE` DISABLE KEYS */;
INSERT INTO `EVALUATE` (`EVALUATE_ID`, `EVALUATE_NAME`, `EMPLOYEE_ID`, `CREATED_DATE`) VALUES
	(1, 'Trả lời chậm', 21, '2021-06-21 15:59:48'),
	(2, 'Trả lời k đúng câu hỏi', 21, '2021-06-21 16:25:20'),
	(3, 'Không', 21, '2021-06-21 16:29:41'),
	(4, '     BỌn     ngu    1     này   ', 22, '2021-06-21 16:31:07'),
	(5, 'Ghhh', 21, '2021-06-21 16:31:08'),
	(6, 'Ghhggh', 21, '2021-06-21 16:33:42'),
	(7, 'Hhhh', 21, '2021-06-21 16:37:35'),
	(8, 'what your name', 22, '2021-06-21 16:42:50'),
	(9, 'Hdhđh', 21, '2021-06-21 16:47:43'),
	(10, 'Ghju', 21, '2021-06-21 17:03:39'),
	(11, 'không có', 78, '2021-06-21 18:41:12'),
	(12, 'jfjfj', 78, '2021-06-21 19:14:17'),
	(13, 'what are you going ', 78, '2021-06-22 08:29:29'),
	(14, 'what are you', 78, '2021-06-22 08:31:20'),
	(15, 'what are you going', 78, '2021-06-22 08:35:13'),
	(16, 'Okok', 21, '2021-06-22 18:01:41'),
	(17, 'Yui', 21, '2021-06-23 09:18:30'),
	(18, 'Không có', 21, '2021-06-23 09:49:44'),
	(19, 'Fg hh', 21, '2021-06-23 09:52:28'),
	(20, 'what your name ', 22, '2021-06-23 10:46:13'),
	(21, 'what your name', 22, '2021-06-23 10:50:19'),
	(22, 'Oki', 21, '2021-06-23 11:53:47'),
	(23, 'gh hj', 22, '2021-06-23 15:37:34'),
	(24, 'Testjuu', 21, '2021-06-23 16:02:07'),
	(25, 'Ok bạn ', 21, '2021-06-23 16:09:35'),
	(26, 'Quá tệ', 21, '2021-06-23 16:32:12'),
	(27, 'Abc', 21, '2021-06-23 16:34:38'),
	(28, 'Tất cả', 21, '2021-06-23 17:09:45'),
	(29, 'Hello', 21, '2021-06-23 17:26:24'),
	(30, 'Tôi không hài lòng lắm', 22, '2021-06-24 09:23:57'),
	(31, 'Ukm hj', 22, '2021-06-24 10:20:01'),
	(32, 'Gh h', 21, '2021-06-24 10:42:05'),
	(33, 'Gh h', 21, '2021-06-24 10:46:36'),
	(34, 'Hi hj', 21, '2021-06-24 10:48:28'),
	(35, 'Before love', 21, '2021-06-24 10:59:01'),
	(36, 'OK OK ', 21, '2021-06-24 11:04:41'),
	(37, 'OK OK OK ', 21, '2021-06-24 11:17:19'),
	(38, 'Hjhj không sao', 22, '2021-06-24 13:35:56'),
	(39, 'Huong chẽk', 21, '2021-06-24 15:22:40'),
	(40, 'Huy', 24, '2021-06-24 17:46:57'),
	(41, 'helo', 24, '2021-06-24 18:09:15'),
	(43, 'Okb', 21, '2021-06-25 08:48:20'),
	(44, 'Load chậm', 21, '2021-06-25 08:59:49'),
	(45, 'Load', 24, '2021-06-25 09:18:34'),
	(46, 'Nha', 24, '2021-06-25 10:26:03'),
	(47, 'Ngoại bang', 24, '2021-06-25 10:27:40'),
	(48, 'Hee', 21, '2021-06-25 10:27:58');
/*!40000 ALTER TABLE `EVALUATE` ENABLE KEYS */;

-- Dumping structure for table vtman.FUNCTION_CONFIG
CREATE TABLE IF NOT EXISTS `FUNCTION_CONFIG` (
  `FUNCTION_CONFIG_ID` int(11) NOT NULL AUTO_INCREMENT,
  `DEPARTMENT_ID` int(11) NOT NULL,
  `EMPLOYEE_ID` varchar(200) CHARACTER SET utf8 COLLATE utf8_unicode_ci NOT NULL,
  `MAXIMUM_RESPONSE_TIME` int(11) NOT NULL,
  `RESPONSE_REMINDING_TIME` int(11) NOT NULL,
  `MAXIMUM_WAITING_TIME` decimal(5,2) NOT NULL,
  `REMINDING_WAITING_TIME` decimal(5,2) NOT NULL,
  `MAXIMUM_QA_SESSION` int(11) NOT NULL,
  `ANSWER_KPI_PERCENT` int(11) NOT NULL,
  `CREATED_DATE` datetime DEFAULT NULL,
  `CREATED_BY` int(11) DEFAULT NULL,
  `UPDATED_DATE` datetime DEFAULT NULL,
  `UPDATED_BY` int(11) DEFAULT NULL,
  PRIMARY KEY (`FUNCTION_CONFIG_ID`)
) ENGINE=InnoDB AUTO_INCREMENT=7 DEFAULT CHARSET=utf8;

-- Dumping data for table vtman.FUNCTION_CONFIG: ~0 rows (approximately)
DELETE FROM `FUNCTION_CONFIG`;
/*!40000 ALTER TABLE `FUNCTION_CONFIG` DISABLE KEYS */;
INSERT INTO `FUNCTION_CONFIG` (`FUNCTION_CONFIG_ID`, `DEPARTMENT_ID`, `EMPLOYEE_ID`, `MAXIMUM_RESPONSE_TIME`, `RESPONSE_REMINDING_TIME`, `MAXIMUM_WAITING_TIME`, `REMINDING_WAITING_TIME`, `MAXIMUM_QA_SESSION`, `ANSWER_KPI_PERCENT`, `CREATED_DATE`, `CREATED_BY`, `UPDATED_DATE`, `UPDATED_BY`) VALUES
	(1, 7, '9,3', 4, 2, 3.00, 2.00, 10, 70, '2021-06-18 11:46:21', NULL, '2021-07-01 13:40:20', 35);
/*!40000 ALTER TABLE `FUNCTION_CONFIG` ENABLE KEYS */;

-- Dumping structure for table vtman.HISTORY_CALENDAR
CREATE TABLE IF NOT EXISTS `HISTORY_CALENDAR` (
  `HISTORY_CALENDAR_ID` int(11) NOT NULL AUTO_INCREMENT,
  `WORK_CALENDAR_ID` int(11) DEFAULT NULL,
  `CREATE_DATE` datetime DEFAULT NULL,
  `STATUS` int(11) DEFAULT NULL,
  `DATE` datetime DEFAULT NULL,
  `DATE_STR` varchar(100) CHARACTER SET utf8 COLLATE utf8_unicode_ci DEFAULT NULL,
  PRIMARY KEY (`HISTORY_CALENDAR_ID`)
) ENGINE=InnoDB AUTO_INCREMENT=124 DEFAULT CHARSET=utf8;

-- Dumping data for table vtman.HISTORY_CALENDAR: ~19 rows (approximately)
DELETE FROM `HISTORY_CALENDAR`;
/*!40000 ALTER TABLE `HISTORY_CALENDAR` DISABLE KEYS */;
INSERT INTO `HISTORY_CALENDAR` (`HISTORY_CALENDAR_ID`, `WORK_CALENDAR_ID`, `CREATE_DATE`, `STATUS`, `DATE`, `DATE_STR`) VALUES
	(105, 1, '2021-06-25 11:37:07', 1, NULL, NULL),
	(106, 1, '2021-06-25 11:51:26', 1, NULL, NULL),
	(107, 1, '2021-06-25 11:53:39', 1, NULL, NULL),
	(108, 1, '2021-06-25 11:58:55', 1, NULL, NULL),
	(109, 1, '2021-06-25 11:59:21', 3, NULL, NULL),
	(110, 1, '2021-06-25 14:30:19', 1, NULL, NULL),
	(111, 1, '2021-06-25 14:30:29', 3, NULL, NULL),
	(112, 1, '2021-06-25 14:30:38', 1, NULL, NULL),
	(113, 6, '2021-06-25 15:45:00', 1, NULL, NULL),
	(114, 6, '2021-06-25 15:45:25', 2, NULL, NULL),
	(115, 5, '2021-06-25 15:47:54', 1, NULL, NULL),
	(116, 4, '2021-06-28 10:04:44', 3, NULL, NULL),
	(117, 4, '2021-06-28 10:05:10', 1, NULL, NULL),
	(118, 6, '2021-06-28 10:05:43', 1, NULL, NULL),
	(119, 6, '2021-06-28 10:06:50', 1, NULL, NULL),
	(120, 6, '2021-06-28 10:06:59', 2, NULL, NULL),
	(121, 1, '2021-06-28 12:00:55', 1, NULL, NULL),
	(122, 5, '2021-06-30 15:36:16', 1, NULL, NULL),
	(123, 5, '2021-06-30 15:36:30', 1, NULL, NULL);
/*!40000 ALTER TABLE `HISTORY_CALENDAR` ENABLE KEYS */;

-- Dumping structure for table vtman.HISTORY_FAQ
CREATE TABLE IF NOT EXISTS `HISTORY_FAQ` (
  `HISTORY_FAQ_ID` int(11) NOT NULL AUTO_INCREMENT,
  `HISTORY_FAQ_CODE` varchar(500) CHARACTER SET utf8 COLLATE utf8_unicode_ci NOT NULL,
  `HISTORY_FAQ_NAME` varchar(500) CHARACTER SET utf8mb4 COLLATE utf8mb4_unicode_ci NOT NULL,
  `ANSWER` varchar(500) CHARACTER SET utf8mb4 COLLATE utf8mb4_unicode_ci DEFAULT NULL,
  `ANSWER_EMPLOYEE_ID` int(11) DEFAULT NULL,
  `STATUS` int(11) DEFAULT NULL,
  `TOPIC_ID` int(11) DEFAULT NULL,
  `CREATED_DATE` datetime DEFAULT NULL,
  `CREATED_BY` int(11) DEFAULT NULL,
  `ANSWER_DATE` datetime DEFAULT NULL,
  `DEPARTMENT_ID` int(11) DEFAULT NULL,
  `RATING` int(10) DEFAULT NULL,
  `COMMENT` varchar(500) CHARACTER SET utf8 COLLATE utf8_unicode_ci DEFAULT NULL,
  `COUNT_RATING` int(10) DEFAULT NULL,
  `MAXIMUM_DATE` datetime DEFAULT NULL,
  `RESPONSE_DATE` datetime DEFAULT NULL,
  `FORWARD_DATE` datetime DEFAULT NULL,
  PRIMARY KEY (`HISTORY_FAQ_ID`)
) ENGINE=InnoDB AUTO_INCREMENT=1167 DEFAULT CHARSET=utf8;

-- Dumping data for table vtman.HISTORY_FAQ: ~180 rows (approximately)
DELETE FROM `HISTORY_FAQ`;
/*!40000 ALTER TABLE `HISTORY_FAQ` DISABLE KEYS */;
INSERT INTO `HISTORY_FAQ` (`HISTORY_FAQ_ID`, `HISTORY_FAQ_CODE`, `HISTORY_FAQ_NAME`, `ANSWER`, `ANSWER_EMPLOYEE_ID`, `STATUS`, `TOPIC_ID`, `CREATED_DATE`, `CREATED_BY`, `ANSWER_DATE`, `DEPARTMENT_ID`, `RATING`, `COMMENT`, `COUNT_RATING`, `MAXIMUM_DATE`, `RESPONSE_DATE`, `FORWARD_DATE`) VALUES
	(911, 'RN8TNZPJ', 'Chính sách giảm giá cho nhân viên', NULL, NULL, 5, 73, '2021-06-24 16:07:07', 24, NULL, 11, NULL, NULL, 0, '2021-07-06 17:30:00', '2021-07-06 17:00:00', NULL),
	(912, 'MNDJJD65', 'Ngày nghỉ mát hàng năm là bao gio', NULL, NULL, 1, 78, '2021-06-24 16:12:05', 24, NULL, 9, NULL, NULL, 0, '2021-07-06 17:30:01', '2021-07-06 17:00:01', NULL),
	(913, '0RVUJ9YA', 'Chính sách sale tháng 8', 'Sale 50% khi khách hàng chuyển từ 2 bưu phẩm trở lên', 24, 2, 73, '2021-06-24 16:43:26', 21, '2021-06-24 16:55:37', 11, NULL, NULL, 0, '2021-07-06 17:30:00', '2021-07-06 17:00:00', NULL),
	(914, 'V4TK0D22', 'Quy trình kiểm tra bưu phẩm', NULL, NULL, 4, 48, '2021-06-24 17:44:51', 24, NULL, 5, NULL, NULL, 0, '2021-07-06 17:30:01', '2021-07-06 17:00:01', NULL),
	(915, 'UI8BB5S0', 'Marketing tháng 9?', 'Tháng 9 tập trung quảng bá trên nền tang Tiktok về các dịch vụ của VTPost', 24, 4, 73, '2021-06-24 17:49:21', 21, '2021-06-24 17:51:28', 11, NULL, NULL, 0, '2021-07-06 08:15:00', '2021-07-06 08:10:00', NULL),
	(916, 'G59T561H', 'Chương trình Sale cuối năm', 'Giảm giá vào đợt Tết Dương lịch đến hết Tết Âm lịch', 24, 2, 73, '2021-06-24 18:16:24', 21, '2021-06-24 18:45:55', 11, NULL, NULL, 0, '2021-07-06 08:15:01', '2021-07-06 08:10:01', NULL),
	(917, 'ZT7VUM4M', 'Quy trình giao nhận bưu phẩm', NULL, NULL, 5, 48, '2021-06-24 18:29:27', 21, NULL, 5, NULL, NULL, 0, '2021-07-06 09:00:00', '2021-07-06 08:55:00', NULL),
	(922, '18OZ7T7C', 'Điều kiện để nhận ưu đãi giảm giá cho nhân viên', 'Nhân viên có trên 1 năm công tác', 24, 4, 73, '2021-06-25 08:34:55', 21, '2021-06-25 08:35:38', 11, NULL, NULL, 0, '2021-07-06 09:00:01', '2021-07-06 08:55:01', NULL),
	(933, 'TWK4DQGS', 'Chính sách Sale tháng 7', 'Tháng 7 bắt đầu sale từ ngày 15/07 - 30/07', 24, 4, 73, '2021-06-25 09:46:40', 22, '2021-06-25 09:47:11', 11, 3, 'OK OK OK ', 1, '2021-06-25 10:46:40', '2021-06-25 10:41:40', NULL),
	(934, '583BSVXH', 'Sale giá cước vận chuyển', NULL, NULL, 3, 73, '2021-06-25 09:50:51', 22, NULL, 11, NULL, NULL, 0, '2021-06-25 10:50:51', '2021-06-25 10:45:51', NULL),
	(935, 'I3BBL4KK', 'Quy trình đóng gói bưu phẩm', 'Nhận bưu phẩm, đóng gói', 24, 4, 73, '2021-06-25 09:52:44', 22, '2021-06-25 09:57:39', 11, 4, '', 1, '2021-06-25 10:52:44', '2021-06-25 10:47:44', NULL),
	(936, 'TUO4LXTH', 'Quy trình vận chuyển bưu phẩm', 'Nhận hàng từ kho, vận chuyển đến người nhận', 22, 4, 48, '2021-06-25 10:06:00', 24, '2021-06-25 10:07:29', 5, 4, '', 1, '2021-06-25 11:06:00', '2021-06-25 11:01:00', NULL),
	(941, '7FZGC3MY', 'Thời gian bắt đầu làm việc bắt đầu từ mấy giờ', NULL, NULL, 3, 126, '2021-06-25 10:45:04', 24, NULL, 8, NULL, NULL, 0, '2021-06-25 11:45:04', '2021-06-25 11:40:04', NULL),
	(942, 'V33BYQML', 'Hỏi 24 chuyển 22 nhé', NULL, NULL, 3, 48, '2021-06-25 11:16:20', 21, NULL, 5, NULL, NULL, 0, '2021-06-25 13:48:00', '2021-06-25 13:43:00', '2021-06-25 11:18:00'),
	(943, 'BUGN3Y1Y', 'Hỏi 24 nhờ chuyển giúp 22 nhá', NULL, NULL, 3, 56, '2021-06-25 11:23:31', 21, NULL, 6, NULL, NULL, 0, '2021-06-25 13:55:26', '2021-06-25 13:50:26', '2021-06-25 11:25:26'),
	(944, 'M4559GDH', 'Chuyển tiếp lý', NULL, NULL, 3, 56, '2021-06-25 11:30:21', 21, NULL, 6, NULL, NULL, 0, '2021-06-25 14:01:26', '2021-06-25 13:56:26', '2021-06-25 11:31:26'),
	(945, '7O32U7RE', 'Thưởng cho tôi', NULL, NULL, 3, 56, '2021-06-25 11:34:18', 21, NULL, 6, NULL, NULL, 0, '2021-06-25 14:05:12', '2021-06-25 14:00:12', '2021-06-25 11:35:12'),
	(946, 'UYNQCCMX', 'Tôi có thể tham gia đội tuyển bóng đã của công ty không', 'Tôi đồng ý cho bạn vào đội tuyển bóng đá công ty', 24, 4, 73, '2021-06-25 11:38:18', 21, '2021-06-25 11:40:36', 11, 4, '', 1, '2021-06-25 14:08:18', '2021-06-25 14:03:18', NULL),
	(947, 'SR2B6C6V', 'Tôi thích thưởng nóng', 'Trả lời', 24, 2, 73, '2021-06-25 11:47:04', 21, '2021-06-25 11:48:07', 11, NULL, NULL, 0, '2021-06-25 14:17:04', '2021-06-25 14:12:04', NULL),
	(948, 'V1TY30KX', 'Công ty có chế độ gì', 'Nhiều chế độ lắm', 24, 4, 73, '2021-06-25 11:53:40', 21, '2021-06-25 11:55:10', 11, NULL, NULL, 0, '2021-06-25 14:23:40', '2021-06-25 14:18:40', NULL),
	(949, 'FAB03NJX', 'Bưu tá phải làm gì', 'Phải làm nhiều', 24, 4, 73, '2021-06-25 11:59:53', 21, '2021-06-25 12:00:40', 11, NULL, NULL, 0, '2021-06-25 14:29:53', '2021-06-25 14:24:53', NULL),
	(950, '30SA7Z35', 'Chính sách lương thưởng', 'Cộng vào hàng tháng. Theo KPI của tháng', 24, 4, 73, '2021-06-25 13:51:33', 21, '2021-06-25 13:52:51', 11, NULL, NULL, 0, '2021-06-25 14:51:33', '2021-06-25 14:46:33', NULL),
	(954, '75SJ9XGR', 'Hỏi lương', NULL, NULL, 3, NULL, '2021-06-25 14:15:43', 21, NULL, 7, NULL, NULL, 0, '2021-06-25 15:15:43', '2021-06-25 15:10:43', NULL),
	(955, '281U9VLV', 'Tiền lương tháng 8', NULL, NULL, 3, NULL, '2021-06-25 14:18:25', 24, NULL, 7, NULL, NULL, 0, '2021-06-25 15:18:25', '2021-06-25 15:13:25', NULL),
	(956, '22MF823Y', 'Hỏi lương', NULL, NULL, 3, NULL, '2021-06-25 14:19:08', 21, NULL, 7, NULL, NULL, 0, '2021-06-25 15:19:08', '2021-06-25 15:14:08', NULL),
	(957, '9H09PZOY', 'Hỏi lương', NULL, NULL, 3, NULL, '2021-06-25 14:22:38', 21, NULL, 7, NULL, NULL, 0, '2021-06-25 15:22:38', '2021-06-25 15:17:38', NULL),
	(958, 'MJQEOBCI', 'Hỏi lương', NULL, NULL, 3, NULL, '2021-06-25 14:22:39', 22, NULL, 7, NULL, NULL, 0, '2021-06-25 15:22:39', '2021-06-25 15:17:39', NULL),
	(959, '5H84V2ON', 'Tiền lương tháng 8', NULL, NULL, 3, NULL, '2021-06-25 14:23:17', 24, NULL, 7, NULL, NULL, 0, '2021-06-25 15:23:17', '2021-06-25 15:18:17', NULL),
	(960, 'SYGH4IMS', 'Hỏi lương', NULL, NULL, 3, NULL, '2021-06-25 14:24:47', 22, NULL, 7, NULL, NULL, 0, '2021-06-25 15:24:47', '2021-06-25 15:19:47', NULL),
	(961, 'YU3TNE15', 'Tiền lương tháng 9', NULL, NULL, 3, NULL, '2021-06-25 14:25:24', 24, NULL, 7, NULL, NULL, 0, '2021-06-25 15:25:24', '2021-06-25 15:20:24', NULL),
	(962, 'TN998K8W', 'Luan demo push notification ngay 2506', NULL, NULL, 3, 73, '2021-06-25 14:31:05', 22, NULL, 11, NULL, NULL, 0, '2021-06-25 14:45:05', '2021-06-25 14:42:05', NULL),
	(967, 'M7ZCBFEE', 'Lương tháng 13 chi trả như thế nào', NULL, NULL, 3, NULL, '2021-06-25 14:54:32', 22, NULL, 7, NULL, NULL, 0, '2021-06-25 15:54:32', '2021-06-25 15:49:32', NULL),
	(970, '6LZGXRRI', 'Tôi muốn hỏi thời gian làm việc thứ 7', NULL, NULL, 3, NULL, '2021-06-25 15:15:52', 22, NULL, 7, NULL, NULL, 0, '2021-06-25 16:15:52', '2021-06-25 16:10:52', NULL),
	(972, 'KROHHVI5', 'Chính sách thi đua sản xuất như thế nào', NULL, NULL, 3, NULL, '2021-06-25 15:22:53', 22, NULL, 7, NULL, NULL, 0, '2021-06-25 16:22:53', '2021-06-25 16:17:53', NULL),
	(975, 'VEOUSB59', 'Tiền lương tháng 12', NULL, NULL, 1, NULL, '2021-06-25 15:41:26', 24, NULL, 7, NULL, NULL, 0, '2021-06-26 08:12:00', '2021-06-26 08:07:00', NULL),
	(976, 'RYL71NH9', 'Luan demo push notification ngay 2506 lan 2', NULL, NULL, 3, NULL, '2021-06-25 15:43:07', 22, NULL, 7, NULL, NULL, 0, '2021-06-25 15:57:00', '2021-06-25 15:48:00', NULL),
	(978, 'ES96BRSJ', 'Luan demo push notification ngay 2506 lan 3', NULL, NULL, 3, NULL, '2021-06-25 15:57:52', 21, NULL, 7, NULL, NULL, 0, '2021-06-25 17:39:52', '2021-06-25 17:37:52', NULL),
	(979, 'FWL87TMP', 'Chế độ nghỉ bù như thế nào', 'Tuỳ xem bạn làm việc trước đó vào thời gian nào. Nếu là làm việc chủ Nhật sẽ được nghỉ bù 3 ngày', 22, 4, 56, '2021-06-25 16:00:28', 21, '2021-06-25 16:55:03', 6, NULL, NULL, 0, '2021-06-25 17:00:28', '2021-06-25 16:55:28', NULL),
	(980, 'RAC8IHNR', 'Chế độ bảo hiểm cho người thân ra sao', NULL, NULL, 1, NULL, '2021-06-25 16:02:40', 21, NULL, 7, NULL, NULL, 0, '2021-06-26 08:13:01', '2021-06-26 08:08:01', '2021-06-25 16:42:15'),
	(981, '9CTF8M64', 'Chế độ cho nhân viên nghỉ tết dương', NULL, NULL, 3, 73, '2021-06-25 16:06:00', 21, NULL, 11, NULL, NULL, 0, '2021-06-25 16:13:00', '2021-06-25 16:11:00', NULL),
	(982, 'P24UPZDI', 'Hỏi về lịch nghỉ tết âm', NULL, NULL, 3, 73, '2021-06-25 16:08:25', 21, NULL, 11, NULL, NULL, 0, '2021-06-25 16:15:25', '2021-06-25 16:13:25', NULL),
	(983, 'E1BEJS2N', 'Tiền lương', 'xin chao tat ca moi nguoi toi ten la test nam nay 18 tuoi', 24, 2, 73, '2021-06-25 16:45:42', 21, '2021-07-01 09:28:54', 11, NULL, NULL, 0, '2021-06-26 08:16:00', '2021-06-26 08:11:00', NULL),
	(984, 'WNH8SC0R', 'Vàng lá', NULL, NULL, 1, 62, '2021-06-25 17:08:24', 24, NULL, 12, NULL, NULL, 0, '2021-06-26 08:39:00', '2021-06-26 08:34:00', NULL),
	(985, 'S8JL7RU0', 'Tôi muốn hỏi về quan tam đến đời sống của nhân viên', NULL, NULL, 1, 78, '2021-06-25 17:17:56', 22, NULL, 9, NULL, NULL, 0, '2021-06-26 08:48:00', '2021-06-26 08:43:00', NULL),
	(987, 'J6GOH3MU', 'Tiền lương về chưa', NULL, NULL, 1, 73, '2021-06-25 18:06:46', 21, NULL, 11, NULL, NULL, 0, '2021-06-26 09:00:01', '2021-06-26 08:55:01', NULL),
	(988, 'V5MWLL4H', 'Từ user 22', 'trả lời 22', 25, 2, 78, '2021-06-25 18:10:31', 22, '2021-06-25 18:43:07', 9, NULL, NULL, 0, '2021-06-26 09:00:01', '2021-06-26 08:55:01', NULL),
	(989, 'FML0X2BV', 'Từ user 24', NULL, NULL, 1, 73, '2021-06-25 18:11:23', 24, NULL, 11, NULL, NULL, 0, '2021-06-26 09:00:01', '2021-06-26 08:55:01', NULL),
	(990, '8ASG3QRJ', 'Từ user 24', NULL, NULL, 1, 78, '2021-06-25 18:14:30', 24, NULL, 9, NULL, NULL, 0, '2021-06-26 09:00:01', '2021-06-26 08:55:01', NULL),
	(991, 'OOYEQN39', 'Từ 21', 'hello', 25, 2, 78, '2021-06-25 18:16:02', 21, '2021-06-28 08:34:14', 9, NULL, NULL, 0, '2021-06-26 09:00:00', '2021-06-26 08:55:00', NULL),
	(992, 'O9T6OBL6', 'Luan demo push notification ngay 2506 lan 4', NULL, NULL, 3, NULL, '2021-06-25 18:23:21', 21, NULL, 7, NULL, NULL, 0, '2021-06-25 18:36:00', '2021-06-25 18:34:00', NULL),
	(993, 'BUI8X0N5', 'Luan demo push notification ngay 2506 lan 5', NULL, NULL, 3, 56, '2021-06-25 18:23:40', 21, NULL, 6, NULL, NULL, 0, '2021-06-25 18:38:00', '2021-06-25 18:37:00', NULL),
	(994, 'LOZW9FZN', 'Từ 21 gửi đến', 'hello', 25, 4, 78, '2021-06-25 18:23:42', 21, '2021-06-28 08:33:04', 9, NULL, NULL, 0, '2021-06-26 09:00:00', '2021-06-26 08:55:00', NULL),
	(995, 'S7MXKR4A', 'từ 25 đến 22', NULL, NULL, 1, 56, '2021-06-25 18:32:31', 25, NULL, 6, NULL, NULL, 0, '2021-06-26 09:00:00', '2021-06-26 08:55:00', NULL),
	(996, 'Q04SR1Y8', 'Từ 21 đến 22', NULL, NULL, 1, 56, '2021-06-25 18:34:13', 21, NULL, 6, NULL, NULL, 0, '2021-06-26 09:00:01', '2021-06-26 08:55:01', NULL),
	(997, 'IIAFNO7P', 'Luan demo lan 6', NULL, NULL, 5, 56, '2021-06-25 18:34:28', 24, NULL, 6, NULL, NULL, 0, '2021-06-26 09:00:00', '2021-06-26 08:55:00', NULL),
	(998, 'K58J4AM3', 'tiền thưởng', NULL, NULL, 1, 56, '2021-06-25 18:36:55', 25, NULL, 6, NULL, NULL, 0, '2021-06-26 09:00:01', '2021-06-26 08:55:01', NULL),
	(999, 'H4H0ZILE', 'Tiền kpi', NULL, NULL, 1, 56, '2021-06-25 18:37:59', 21, NULL, 6, NULL, NULL, 0, '2021-06-26 09:00:01', '2021-06-26 08:55:01', NULL),
	(1000, 'TZTKFS06', 'Luan demo 18h42', NULL, NULL, 3, 56, '2021-06-25 18:42:09', 24, NULL, 6, NULL, NULL, 0, '2021-06-25 18:53:00', '2021-06-25 18:46:00', NULL),
	(1001, 'T5WFBHF9', 'Công ty có chính sách gì cho nhân viên khi chuyển sang làm nhân viên sale', NULL, NULL, 3, 73, '2021-06-26 10:09:08', 22, NULL, 11, NULL, NULL, 0, '2021-06-26 11:09:08', '2021-06-26 10:11:08', NULL),
	(1002, 'W7CKFJYL', 'Lương tháng của nhân viên sale là bao nhiêu ăn?em đang có nhu cầu chuyển sang làm nhân viên sale', NULL, NULL, 1, 73, '2021-06-26 10:20:18', 22, NULL, 11, NULL, NULL, 0, '2021-06-29 09:21:01', '2021-06-29 09:11:01', NULL),
	(1003, '314NFOAS', 'Tôi đặt câu hỏi thứ 3 về sale & marketing', NULL, NULL, 1, 73, '2021-06-26 10:25:19', 22, NULL, 11, NULL, NULL, 0, '2021-06-29 15:56:01', '2021-06-29 14:56:01', NULL),
	(1004, 'ZZ3QPPDW', 'Tôi đặt câu hỏi thứ 4', NULL, NULL, 1, NULL, '2021-06-26 10:26:45', 22, NULL, 7, NULL, NULL, 0, '2021-07-01 17:30:00', '2021-07-01 16:30:00', '2021-06-26 12:39:03'),
	(1005, 'FVJZR3NG', 'Que trinh sale @13', 'Tôi xin trả lời như sau: có 5 quy trình sale.bạn lên trang www.thongtin để tham khảo nhé', 24, 4, 73, '2021-06-26 10:44:08', 22, '2021-06-26 11:21:52', 11, NULL, NULL, 0, '2021-07-01 16:15:01', '2021-07-01 15:15:01', NULL),
	(1006, 'J0MTRMBV', 'Câu hỏi chứa các ký tự đặc biệt 13374747;!!;₫:!:&/!/!:!:!:!:', NULL, NULL, 5, 73, '2021-06-26 10:46:13', 22, NULL, 11, NULL, NULL, 0, '2021-07-01 16:17:01', '2021-07-01 15:17:01', NULL),
	(1007, 'CNH2DXEK', 'Tự đặt cho chính user 24', NULL, NULL, 1, 73, '2021-06-26 11:41:05', 24, NULL, 11, NULL, NULL, 0, '2021-07-01 17:12:01', '2021-07-01 16:12:01', NULL),
	(1008, '3GGLSDL5', 'Tôi muốn tự đặt câu hỏi cho chính phòng ban của mình', 'hello', 24, 2, 73, '2021-06-26 16:29:49', 24, '2021-06-28 11:03:31', 11, NULL, NULL, 0, '2021-07-01 17:30:01', '2021-07-01 16:30:01', NULL),
	(1009, 'VO4G102S', 'Công ty có đang tuyển nhân viên sale không', 'Có chứ. Bạn  muốn ứng tuyển không', 22, 2, 73, '2021-06-26 16:34:27', 24, '2021-06-26 16:36:14', 11, NULL, NULL, 0, '2021-07-01 17:30:01', '2021-07-01 16:30:01', NULL),
	(1010, 'DMTNIR0Q', 'Cùng gửi câu hỏi đến phòng ban', 'hello', 24, 4, 73, '2021-06-26 17:14:38', 24, '2021-06-28 10:52:36', 11, 2, 'OK', 1, '2021-07-01 17:30:00', '2021-07-01 16:30:00', NULL),
	(1011, 'PE9OF90F', 'Cùng gửi câu hỏi đến phòng ban', 'Đầu mối 24 trả lời câu hỏi của bạn như sau. Bạn muốn hỏi thông tin như nào .có thể cung cấp thêm cho chúng tôi không', 24, 2, 73, '2021-06-26 17:14:38', 22, '2021-07-01 09:23:28', 11, NULL, NULL, 0, '2021-07-01 17:30:00', '2021-07-01 16:30:00', NULL),
	(1012, 'K353T012', 'Đặt lại câu hỏi', 'ok em', 24, 4, 73, '2021-06-26 17:18:09', 22, '2021-06-30 20:30:31', 11, NULL, NULL, 0, '2021-07-01 17:30:01', '2021-07-01 16:30:01', NULL),
	(1013, 'E32WZZHX', 'Cùng đặt 1 câu giống nhau', NULL, NULL, 5, 73, '2021-06-26 17:38:17', 22, NULL, 11, NULL, NULL, 0, '2021-07-01 17:30:00', '2021-07-01 16:30:00', NULL),
	(1014, 'K07AGPZO', 'Cùng đặt 1 câu giống nhau', NULL, NULL, 4, 73, '2021-06-26 17:38:19', 21, NULL, 11, NULL, NULL, 0, '2021-07-01 17:30:01', '2021-07-01 16:30:01', NULL),
	(1015, 'CQFAM73D', 'Thủ tục làm giảm trừ gia cảnh như thế nào', NULL, NULL, 3, 73, '2021-06-28 09:09:58', 21, NULL, 11, NULL, NULL, 0, '2021-06-28 09:16:58', '2021-06-28 09:14:58', NULL),
	(1016, 'MNQ9ILQB', 'Thủ tục nhận trợ cấp thai sản như thế nào', NULL, NULL, 3, 73, '2021-06-28 09:37:30', 21, NULL, 11, NULL, NULL, 0, '2021-06-28 09:44:30', '2021-06-28 09:42:30', NULL),
	(1017, 'Q2PEJBOZ', 'Thủ tục nhận hỗ trợ dịch covid 19 như thế nào', NULL, NULL, 3, 48, '2021-06-28 09:55:20', 21, NULL, 5, NULL, NULL, 0, '2021-06-28 10:05:09', '2021-06-28 10:03:09', '2021-06-28 09:58:09'),
	(1018, 'R2TET06A', 'Thủ tục làm lại thẻ nhân viên như thế nào', NULL, NULL, 3, 48, '2021-06-28 10:17:37', 21, NULL, 5, NULL, NULL, 0, '2021-06-28 10:30:03', '2021-06-28 10:28:03', '2021-06-28 10:23:03'),
	(1019, '891QWWLW', 'Chế độ giờ làm con nhỏ như thế nào', 'Nghỉ', 24, 4, 73, '2021-06-28 10:36:29', 22, '2021-06-28 10:47:01', 11, NULL, NULL, 0, '2021-06-28 10:43:29', '2021-06-28 10:41:29', NULL),
	(1020, 'UUO9JAXM', 'Thời gian tính giờ làm thêm như thế nào', 'Trả lời nhé', 22, 4, 48, '2021-06-28 10:52:28', 24, '2021-06-28 11:05:29', 5, 5, '', 1, '2021-06-28 11:52:28', '2021-06-28 11:47:28', NULL),
	(1021, '382A418K', 'Cho tôi hỏi lịch nghỉ tết nguyên đán', 'lich tet nguyen dan cua ban la ngay nay :', 24, 2, 73, '2021-06-28 11:08:53', 21, '2021-07-01 09:30:57', 11, NULL, NULL, 0, '2021-06-28 13:38:53', '2021-06-28 13:33:53', NULL),
	(1024, 'YJQ2HIY8', 'Lịch trực tết nguyên đán như thế nào', 'xin chao ban lich truc tet nguyen dan nhu the nao', 24, 2, 73, '2021-06-28 11:50:17', 21, '2021-07-01 09:29:43', 11, NULL, NULL, 0, '2021-06-28 14:20:17', '2021-06-28 14:15:17', NULL),
	(1025, '8U31RM77', 'Thời gian nghỉ ốm tối đa bao nhiêu ngày', 'Hhh', 22, 4, 48, '2021-06-28 11:55:19', 21, '2021-06-30 19:38:38', 5, NULL, NULL, 0, '2021-06-28 14:27:48', '2021-06-28 14:22:48', '2021-06-28 11:57:48'),
	(1028, 'ZWP7H1SH', 'Chính sách hỗ trợ cho nhân viên ở xa như thế nào', NULL, NULL, 4, 73, '2021-06-28 12:04:11', 21, NULL, 11, NULL, NULL, 0, '2021-06-29 08:35:00', '2021-06-29 08:30:00', NULL),
	(1029, 'WWVYWICZ', 'Lichj nghỉ mát năm nay như thế nào', NULL, NULL, 4, 73, '2021-06-28 12:09:19', 21, NULL, 11, NULL, NULL, 0, '2021-06-29 08:40:00', '2021-06-29 08:35:00', NULL),
	(1030, '35XQ3J76', 'Hỏi chế độ nghỉ mát', 'Tháng 7 hàng năm', 24, 4, 73, '2021-06-30 10:23:03', 21, '2021-06-30 10:24:05', 11, NULL, NULL, 0, '2021-06-30 16:53:03', '2021-06-30 16:48:03', NULL),
	(1031, 'DHDAPPX4', 'Chế độ hẫu mãi noel', 'Khuyến mãi 50%', 24, 4, 73, '2021-06-30 10:26:13', 21, '2021-06-30 10:27:16', 11, 4, '       Chất lượng câu hỏi tốt        ', 1, '2021-06-30 16:56:13', '2021-06-30 16:51:13', NULL),
	(1032, 'T0PHSYIX', 'Sale tháng 7', '50 % nha', 24, 2, 73, '2021-06-30 11:12:44', 21, '2021-06-30 11:13:15', 11, NULL, NULL, 0, '2021-06-30 17:42:44', '2021-06-30 17:37:44', NULL),
	(1053, 'B92DRM5O', 'Quy trình test', 'Theo tc', 22, 4, 48, '2021-06-30 14:29:17', 24, '2021-06-30 14:30:10', 5, NULL, NULL, 0, '2021-06-30 14:36:17', '2021-06-30 14:34:17', NULL),
	(1054, '4TQOX2ET', 'Sale tháng 9', NULL, NULL, 3, 73, '2021-06-30 14:33:09', 22, NULL, 11, NULL, NULL, 0, '2021-06-30 14:40:09', '2021-06-30 14:38:09', NULL),
	(1055, 'DO1SM8LY', 'Sale tháng 10', NULL, NULL, 3, 73, '2021-06-30 14:37:24', 22, NULL, 11, NULL, NULL, 0, '2021-06-30 14:44:24', '2021-06-30 14:42:24', NULL),
	(1062, '0FN08CHL', 'Sale tháng 1', NULL, NULL, 3, 73, '2021-06-30 14:47:08', 22, NULL, 11, NULL, NULL, 0, '2021-06-30 14:54:08', '2021-06-30 14:52:08', NULL),
	(1065, 'ZZ9TCYLQ', 'Sale tháng 6', NULL, NULL, 3, 73, '2021-06-30 15:34:03', 22, NULL, 11, NULL, NULL, 0, '2021-06-30 15:41:03', '2021-06-30 15:39:03', NULL),
	(1066, '99B0UDO0', 'Sale tháng 9', NULL, NULL, 3, 73, '2021-06-30 15:35:30', 22, NULL, 11, NULL, NULL, 0, '2021-06-30 15:42:30', '2021-06-30 15:40:30', NULL),
	(1070, '9VKZ2CPP', 'Luan demo ngày 3006 lần 11', NULL, NULL, 3, 62, '2021-06-30 15:55:01', 22, NULL, 12, NULL, NULL, 0, '2021-06-30 16:56:10', '2021-06-30 16:01:10', '2021-06-30 15:56:10'),
	(1071, 'OH946VGK', 'Sale tháng 4', 'Ok b', 24, 4, 73, '2021-06-30 16:29:14', 21, '2021-06-30 16:29:49', 11, NULL, NULL, 0, '2021-06-30 17:29:14', '2021-06-30 16:34:14', NULL),
	(1072, '1MIE8L27', 'Sale tháng 3', 'Ok b', 24, 4, 73, '2021-06-30 16:33:17', 21, '2021-06-30 16:33:49', 11, NULL, NULL, 0, '2021-06-30 17:33:17', '2021-06-30 16:38:17', NULL),
	(1074, '5ITRC2JA', 'Sale tháng 1w', 'Ok b', 24, 4, 73, '2021-06-30 16:45:15', 21, '2021-06-30 16:47:23', 11, NULL, NULL, 0, '2021-06-30 17:45:15', '2021-06-30 16:50:15', NULL),
	(1075, 'WYN4022G', 'Sale tháng 11', 'Ok bbb', 24, 4, 73, '2021-06-30 16:49:49', 21, '2021-06-30 16:50:17', 11, NULL, NULL, 0, '2021-06-30 17:49:49', '2021-06-30 16:54:49', NULL),
	(1076, '9WCP0CVK', 'OK Ok OK', 'Trả lời bạn', 24, 4, 73, '2021-06-30 16:52:40', 21, '2021-06-30 16:53:38', 11, 2, 'H', 1, '2021-06-30 17:52:40', '2021-06-30 16:57:40', NULL),
	(1078, 'OTO9BVAK', 'ok em ok em', 'Ok em', 24, 4, 73, '2021-06-30 17:02:21', 21, '2021-06-30 17:02:51', 11, 5, 'Câu trả lời rất đúng nội dung câu hỏi', 1, '2021-06-30 17:09:21', '2021-06-30 17:07:21', NULL),
	(1079, 'E7M26CA7', 'Hỏi thời gian làm thẻ nhân viên bao lâu thì nhận được', NULL, NULL, 3, 48, '2021-06-30 17:10:22', 21, NULL, 5, NULL, NULL, 0, '2021-06-30 17:17:22', '2021-06-30 17:15:22', NULL),
	(1080, 'Q3CW87VX', 'Hỏi để check thông báo sáng mai', NULL, NULL, 3, 73, '2021-06-30 17:31:34', 21, NULL, 11, NULL, NULL, 0, '2021-06-30 17:51:34', '2021-06-30 17:49:34', NULL),
	(1081, 'PPQ3BUFM', 'Hỏi 22', NULL, NULL, 3, 48, '2021-06-30 18:18:08', 21, NULL, 5, NULL, NULL, 0, '2021-06-30 18:23:08', '2021-06-30 18:21:08', NULL),
	(1082, '2D54TXNY', 'Hỏi lại 22', NULL, NULL, 3, 48, '2021-06-30 18:19:03', 21, NULL, 5, NULL, NULL, 0, '2021-06-30 18:24:03', '2021-06-30 18:22:03', NULL),
	(1084, 'EOBN91HS', 'Luan demo ngay 3006 lan 15', NULL, NULL, 3, 78, '2021-06-30 18:39:01', 21, NULL, 9, NULL, NULL, 0, '2021-06-30 19:17:07', '2021-06-30 19:16:07', '2021-06-30 19:14:07'),
	(1085, 'AVWA71O0', 'Hỏi 22', NULL, NULL, 3, 73, '2021-06-30 18:44:38', 21, NULL, 11, NULL, NULL, 0, '2021-06-30 18:50:25', '2021-06-30 18:48:25', '2021-06-30 18:45:25'),
	(1086, 'FLDWQQZ1', 'Test thông báo', NULL, NULL, 5, 164, '2021-06-30 18:50:34', 21, NULL, 33, NULL, NULL, 0, '2021-06-30 19:02:28', '2021-06-30 19:00:28', '2021-06-30 18:57:28'),
	(1087, 'N5II0E97', 'Câu 1', NULL, NULL, 3, 48, '2021-06-30 18:51:11', 21, NULL, 5, NULL, NULL, 0, '2021-06-30 18:56:11', '2021-06-30 18:54:11', NULL),
	(1088, 'PKJ9JA43', 'Sale 12', NULL, NULL, 3, 126, '2021-06-30 18:52:12', 24, NULL, 1, NULL, NULL, 0, '2021-06-30 18:57:44', '2021-06-30 18:55:44', '2021-06-30 18:52:44'),
	(1089, 'OU5EQ9KV', 'Sale 11', NULL, NULL, 3, 48, '2021-06-30 18:54:52', 24, NULL, 5, NULL, NULL, 0, '2021-06-30 19:00:27', '2021-06-30 18:58:27', '2021-06-30 18:55:27'),
	(1090, 'ZB0HRBYD', 'Câu abc', NULL, NULL, 3, 48, '2021-06-30 19:02:42', 21, NULL, 5, NULL, NULL, 0, '2021-06-30 19:07:42', '2021-06-30 19:05:42', NULL),
	(1091, 'V2PF1O1H', 'Câu 345', NULL, NULL, 3, 73, '2021-06-30 19:03:31', 21, NULL, 11, NULL, NULL, 0, '2021-06-30 19:08:31', '2021-06-30 19:06:31', NULL),
	(1092, 'YKGNCU7S', 'Hỏi quy trình nghiệp vụ', NULL, NULL, 3, 73, '2021-06-30 19:13:13', 22, NULL, 11, NULL, NULL, 0, '2021-06-30 19:16:13', '2021-06-30 19:15:13', NULL),
	(1093, '97RO8E8E', 'Test abc', NULL, NULL, 3, 48, '2021-06-30 19:20:49', 24, NULL, 5, NULL, NULL, 0, '2021-06-30 19:23:49', '2021-06-30 19:22:49', NULL),
	(1094, '65FQJN9L', 'Hỏi 123', NULL, NULL, 3, 48, '2021-06-30 19:21:40', 24, NULL, 5, NULL, NULL, 0, '2021-06-30 19:24:40', '2021-06-30 19:23:40', NULL),
	(1095, 'M0HHY28S', 'Hỏi 999', 'Tl nha', 22, 4, 48, '2021-06-30 19:23:35', 24, '2021-06-30 19:24:27', 5, 5, '', 1, '2021-06-30 19:25:35', '2021-06-30 19:24:35', NULL),
	(1096, 'ATI07JLV', 'Hỏi lại abc', 'Tl nha', 22, 4, 48, '2021-06-30 19:34:38', 24, '2021-06-30 19:35:19', 5, 5, '', 1, '2021-07-01 08:35:00', '2021-06-30 19:35:38', NULL),
	(1097, 'JOYN7RHX', 'Tôi xin đặt câu hỏi như sau. Bạn có thế trả lời giúp tôi không 😂😂', NULL, NULL, 4, 48, '2021-06-30 20:09:55', 21, NULL, 5, NULL, NULL, 0, '2021-06-30 20:16:36', '2021-06-30 20:13:36', '2021-06-30 20:11:36'),
	(1098, 'GHJ9EAHQ', 'Tôi hỏi bạn', NULL, NULL, 4, 48, '2021-06-30 20:15:00', 21, NULL, 5, NULL, NULL, 0, '2021-06-30 20:20:00', '2021-06-30 20:17:00', NULL),
	(1099, '9V9A43X5', 'Đóng câu hỏi', 'Okke nhé', 22, 4, 48, '2021-06-30 20:18:34', 21, '2021-06-30 20:19:38', 5, NULL, NULL, 0, '2021-06-30 20:23:34', '2021-06-30 20:20:34', NULL),
	(1100, 'YV4CP16C', 'Chuyển tiếp câu hỏi', NULL, NULL, 3, 48, '2021-06-30 20:18:58', 21, NULL, 5, NULL, NULL, 0, '2021-06-30 20:23:58', '2021-06-30 20:20:58', NULL),
	(1101, 'BKBS0PC8', 'Quy trình code', NULL, NULL, 3, 48, '2021-06-30 20:23:38', 21, NULL, 5, NULL, NULL, 0, '2021-06-30 20:28:38', '2021-06-30 20:25:38', NULL),
	(1102, 'TANYN8VN', 'Out app', 'K bị out', 24, 4, 73, '2021-06-30 20:26:14', 21, '2021-06-30 20:27:00', 11, NULL, NULL, 0, '2021-06-30 20:31:14', '2021-06-30 20:28:14', NULL),
	(1103, 'V27WJ12Y', 'Popup đánh giá', 'Haha. Đánh giá đi', 22, 4, 48, '2021-06-30 20:30:00', 24, '2021-06-30 20:30:37', 5, NULL, NULL, 0, '2021-06-30 20:35:00', '2021-06-30 20:32:00', NULL),
	(1104, 'G3MO65ZG', 'Sale 10', 'Ok b', 24, 4, 73, '2021-06-30 20:36:36', 21, '2021-06-30 20:38:02', 11, 5, '', 1, '2021-06-30 20:41:36', '2021-06-30 20:38:36', NULL),
	(1105, 'L2ZU2HY2', 'Luan demo ngay 3006 lan 16', 'Ok b', 22, 4, 48, '2021-06-30 20:39:35', 24, '2021-06-30 20:40:57', 5, NULL, NULL, 0, '2021-07-01 08:05:01', '2021-07-01 08:02:01', NULL),
	(1106, 'VB0JJYQM', 'Chuyển tiếp', NULL, NULL, 5, 48, '2021-06-30 20:40:08', 21, NULL, 5, NULL, NULL, 0, '2021-07-01 08:05:00', '2021-07-01 08:02:00', NULL),
	(1107, 'FURWRWD0', 'Chuyển tiếp e', NULL, NULL, 5, 48, '2021-06-30 20:42:11', 21, NULL, 5, NULL, NULL, 0, '2021-07-01 08:05:00', '2021-07-01 08:02:00', '2021-06-30 20:43:23'),
	(1108, 'ZJQYM940', 'Luan demo ngay 3006 9h toi', 'ok ok', 24, 2, 73, '2021-06-30 20:55:57', 22, '2021-06-30 20:56:37', 11, NULL, NULL, 0, '2021-07-01 08:05:01', '2021-07-01 08:02:01', NULL),
	(1109, 'K40SGDP0', 'ok ok', 'Luan tra loi', 22, 2, 48, '2021-06-30 20:59:51', 24, '2021-06-30 21:00:17', 5, NULL, NULL, 0, '2021-07-01 08:05:00', '2021-07-01 08:02:00', NULL),
	(1110, 'ZSD1Y844', 'ok ok', NULL, NULL, 5, 56, '2021-06-30 21:12:42', 24, NULL, 6, NULL, NULL, 0, '2021-07-01 08:05:01', '2021-07-01 08:02:01', NULL),
	(1111, 'HKVMT97X', 'ok ok', 'Tra loi', 22, 2, 48, '2021-06-30 21:14:19', 24, '2021-06-30 21:14:43', 5, NULL, NULL, 0, '2021-07-01 08:05:00', '2021-07-01 08:02:00', NULL),
	(1114, 'SW238WDY', 'ok ok', 'Tra loi lan 3', 22, 2, 48, '2021-06-30 21:25:38', 24, '2021-06-30 21:25:54', 5, NULL, NULL, 0, '2021-07-01 08:05:01', '2021-07-01 08:02:01', NULL),
	(1115, 'C8R4FW2V', 'Đánh giá sale', 'Đạt 5 sao', 24, 4, 73, '2021-07-01 08:57:19', 22, '2021-07-01 08:59:26', 11, NULL, NULL, 0, '2021-07-01 09:02:19', '2021-07-01 08:59:19', NULL),
	(1116, 'IL3P6JHT', 'Quy trình review', 'Từ pm đến team', 22, 4, 48, '2021-07-01 09:02:20', 24, '2021-07-01 09:03:06', 5, 3, 'H', 1, '2021-07-01 09:07:20', '2021-07-01 09:04:20', NULL),
	(1117, '38VMJYCQ', 'Có hướng dẫn về quy trình nghiệp vụ hay không ? 😀', NULL, NULL, 3, 48, '2021-07-01 09:06:14', 24, NULL, 5, NULL, NULL, 0, '2021-07-01 09:11:14', '2021-07-01 09:08:14', NULL),
	(1118, '642U86T9', 'Tôi muốn hỏi thủ tục nhận trợ cấp covid', '20 triệu 1 tháng', 24, 4, 73, '2021-07-01 09:18:10', 21, '2021-07-01 09:18:34', 11, 1, '', 1, '2021-07-01 09:23:10', '2021-07-01 09:20:10', NULL),
	(1119, 'YN8WSPD3', 'sale tháng 3', 'Ok b', 24, 4, 73, '2021-07-01 09:21:07', 46, '2021-07-01 09:25:02', 11, NULL, NULL, 0, '2021-07-01 09:26:07', '2021-07-01 09:23:07', NULL),
	(1120, 'SLGCKXEU', 'Hỏi câu 1', NULL, NULL, 3, 48, '2021-07-01 09:31:54', 21, NULL, 5, NULL, NULL, 0, '2021-07-01 09:36:54', '2021-07-01 09:33:54', NULL),
	(1121, '6B035QFW', 'Hỏi câu 2', 'Tôi là đầu mối 22: toi xin trả lời câu hỏi như sau: câu hỏi của bạn đang không mô tả rõ nội dung cần hỏi. Vui lòng trả lời sớm giúp tôi', 22, 4, 73, '2021-07-01 09:32:54', 21, '2021-07-01 09:35:49', 11, NULL, NULL, 0, '2021-07-01 09:41:04', '2021-07-01 09:38:04', '2021-07-01 09:36:04'),
	(1122, 'JY41ITKF', 'câu hỏi', NULL, NULL, 5, 73, '2021-07-01 09:34:03', 46, NULL, 11, NULL, NULL, 0, '2021-07-01 09:39:03', '2021-07-01 09:36:03', NULL),
	(1123, '7R6WBB3Q', 'Tôi hỏi chế độ làm ot', 'Tính theo giờ làm nhân 150%', 24, 4, 73, '2021-07-01 09:41:29', 21, '2021-07-01 09:42:10', 11, NULL, NULL, 0, '2021-07-01 09:46:29', '2021-07-01 09:43:29', NULL),
	(1124, 'TG7X0O0M', 'Tôi muốn đặt câu hỏi . Các bạn có thế giúp đỡ tôi không. Câu hổ như sau: về vấn để liên quan đến nghiệp vụ giao hàng nhanh hiện nay', NULL, NULL, 4, 48, '2021-07-01 09:42:55', 22, NULL, 5, NULL, NULL, 0, '2021-07-01 09:47:55', '2021-07-01 09:44:55', NULL),
	(1125, 'D8R4L5P3', 'Hỏi thủ tục làm lại thẻ nhân viên', 'Trả lời câu hỏi thủ thụ nhu2 sau. Gặp lễ tân để trao đổi', 22, 4, 48, '2021-07-01 09:44:20', 24, '2021-07-01 09:45:16', 5, 4, 'Câu hỏi của bạn đã oke rồi.tôi khá hài lòng với câu trả lời của bạn', 1, '2021-07-01 09:49:20', '2021-07-01 09:46:20', NULL),
	(1128, 'X59S4PT6', 'Hỏi lịch làm bù 2/9', NULL, NULL, 3, 48, '2021-07-01 09:48:22', 24, NULL, 5, NULL, NULL, 0, '2021-07-01 09:53:22', '2021-07-01 09:50:22', NULL),
	(1129, 'X8BT8D1C', 'Hỏi cách tính lương tháng 13', NULL, NULL, 3, 73, '2021-07-01 09:52:46', 21, NULL, 11, NULL, NULL, 0, '2021-07-01 09:57:46', '2021-07-01 09:54:46', NULL),
	(1132, 'P23H4OI4', 'Luan demo ngay 0107 lan 2', NULL, NULL, 3, 78, '2021-07-01 09:58:04', 21, NULL, 9, NULL, NULL, 0, '2021-07-01 10:03:29', '2021-07-01 10:00:29', '2021-07-01 09:58:29'),
	(1133, 'ILJ80FKS', 'chuyển tiếp câu hỏi', NULL, NULL, 3, 48, '2021-07-01 10:00:34', 46, NULL, 5, NULL, NULL, 0, '2021-07-01 10:03:31', '2021-07-01 10:02:31', '2021-07-01 10:01:31'),
	(1134, 'QFHHGNFD', 'Hỏi sao không được xét thươngd', NULL, NULL, 3, 48, '2021-07-01 10:07:49', 24, NULL, 5, NULL, NULL, 0, '2021-07-01 10:09:49', '2021-07-01 10:08:49', NULL),
	(1135, 'S0EY8X8J', 'test ios', NULL, NULL, 3, 126, '2021-07-01 10:09:58', 46, NULL, 1, NULL, NULL, 0, '2021-07-01 10:11:58', '2021-07-01 10:10:58', NULL),
	(1136, '3H34GXQ6', 'Test abc', NULL, NULL, 3, 73, '2021-07-01 10:11:42', 22, NULL, 11, NULL, NULL, 0, '2021-07-01 10:13:42', '2021-07-01 10:12:42', NULL),
	(1137, 'M9357OC8', 'câu hỏi', NULL, NULL, 3, 126, '2021-07-01 10:12:10', 46, NULL, 1, NULL, NULL, 0, '2021-07-01 10:14:10', '2021-07-01 10:13:10', NULL),
	(1138, 'KDPTRZ3C', 'test bên ios', NULL, NULL, 3, 126, '2021-07-01 10:13:33', 46, NULL, 1, NULL, NULL, 0, '2021-07-01 10:15:33', '2021-07-01 10:14:33', NULL),
	(1139, '0GF6DL2A', 'test ioss', NULL, NULL, 3, 126, '2021-07-01 10:14:32', 46, NULL, 1, NULL, NULL, 0, '2021-07-01 10:16:32', '2021-07-01 10:15:32', NULL),
	(1140, 'L1N61N75', 'bên ios', NULL, NULL, 3, 126, '2021-07-01 10:15:34', 46, NULL, 1, NULL, NULL, 0, '2021-07-01 10:17:34', '2021-07-01 10:16:34', NULL),
	(1141, 'CJU122XV', 'test ios 123', NULL, NULL, 3, 126, '2021-07-01 10:16:10', 46, NULL, 1, NULL, NULL, 0, '2021-07-01 10:18:10', '2021-07-01 10:17:10', NULL),
	(1142, 'YZ48NYYQ', 'test ios 123456', NULL, NULL, 4, 126, '2021-07-01 10:16:57', 46, NULL, 1, NULL, NULL, 0, '2021-07-01 10:21:57', '2021-07-01 10:18:57', NULL),
	(1143, 'KCRXP4O7', 'Luan demo ngay 0107 lan 3', NULL, NULL, 3, 126, '2021-07-01 10:19:12', 21, NULL, 1, NULL, NULL, 0, '2021-07-01 10:24:12', '2021-07-01 10:21:12', NULL),
	(1144, 'CB674YBY', 'Quy trình tăng lương', NULL, NULL, 5, 48, '2021-07-01 10:23:46', 24, NULL, 5, NULL, NULL, 0, '2021-07-01 10:28:46', '2021-07-01 10:25:46', NULL),
	(1145, '1ZSCO0JY', 'Hường đặt câu hổ check luồng đánh giá', 'Hường trả lời câu hỏi trên:;;;', 22, 4, 48, '2021-07-01 10:35:24', 24, '2021-07-01 10:36:19', 5, NULL, NULL, 0, '2021-07-01 10:40:24', '2021-07-01 10:37:24', NULL),
	(1146, '98QBFUN6', 'Popup đánh giá', 'Ok b', 22, 4, 48, '2021-07-01 10:42:47', 24, '2021-07-01 10:43:21', 5, NULL, NULL, 0, '2021-07-01 10:47:47', '2021-07-01 10:44:47', NULL),
	(1147, 'DN1SSBA7', 'Luan demo ngay 0107 lan 5', NULL, NULL, 3, 126, '2021-07-01 10:58:50', 21, NULL, 1, NULL, NULL, 0, '2021-07-01 11:03:50', '2021-07-01 11:00:50', NULL),
	(1148, 'JLASA9J3', 'Luan demo ngay 0107 lan 4', NULL, NULL, 3, 126, '2021-07-01 10:59:43', 21, NULL, 1, NULL, NULL, 0, '2021-07-01 11:04:43', '2021-07-01 11:01:43', NULL),
	(1149, 'BX07V50L', 'Hường đặt câu hỏi check luồng đánh giá', NULL, NULL, 4, 48, '2021-07-01 10:59:45', 24, NULL, 5, 1, 'Tôi không nhìn thấy câu trả lời của bạn', 1, '2021-07-01 11:04:45', '2021-07-01 11:01:45', NULL),
	(1150, 'NQWYIB9E', 'Luan demo ngay 0107 lan 6', NULL, NULL, 3, 126, '2021-07-01 10:59:57', 21, NULL, 1, NULL, NULL, 0, '2021-07-01 11:04:57', '2021-07-01 11:01:57', NULL),
	(1151, '6GYSMQZT', 'Luan demo ngay 0107 lan 8', NULL, NULL, 4, 73, '2021-07-01 11:01:04', 21, NULL, 11, NULL, NULL, 0, '2021-07-01 11:06:04', '2021-07-01 11:03:04', NULL),
	(1152, '8SWRYCLA', 'Luan demo ngay 0107 lan 9', NULL, NULL, 3, 78, '2021-07-01 11:01:30', 21, NULL, 9, NULL, NULL, 0, '2021-07-01 11:06:45', '2021-07-01 11:03:45', '2021-07-01 11:01:45'),
	(1153, 'TU17H6IM', 'Popup đánh giá', 'Good job', 24, 4, 73, '2021-07-01 11:03:49', 22, '2021-07-01 11:04:26', 11, NULL, NULL, 0, '2021-07-01 11:08:49', '2021-07-01 11:05:49', NULL),
	(1154, 'ZS37WFRM', 'OK ok', 'Luan tra loi', 22, 4, 48, '2021-07-01 11:05:15', 24, '2021-07-01 11:06:23', 5, NULL, NULL, 0, '2021-07-01 11:10:15', '2021-07-01 11:07:15', NULL),
	(1155, 'NCFB3BGU', 'Hiển thị popup', NULL, NULL, 3, 78, '2021-07-01 11:07:35', 22, NULL, 9, NULL, NULL, 0, '2021-07-01 11:13:58', '2021-07-01 11:10:58', '2021-07-01 11:08:58'),
	(1156, '722QKMIB', 'Popup linh', NULL, NULL, 3, 73, '2021-07-01 11:10:29', 22, NULL, 11, NULL, NULL, 0, '2021-07-01 11:15:29', '2021-07-01 11:12:29', NULL),
	(1157, 'MBFQ0HNU', 'Luan demo ngay 0107 lan 11', 'gfgf', 22, 4, 48, '2021-07-01 11:11:40', 27, '2021-07-01 11:12:07', 5, NULL, NULL, 0, '2021-07-01 11:16:40', '2021-07-01 11:13:40', NULL),
	(1158, 'K4VIXDH4', 'Hường hỏi câu hỏi này: check xem.có đánh giá oke không ? 🤣🤣', 'Trả lời câu hỏi do hường hỏi. Chúng tôi chưa hiểu ý của bạn lắm. Bạn vui lòng đặt lại câu hỏi nhé', 22, 4, 48, '2021-07-01 11:21:05', 24, '2021-07-01 11:23:43', 5, 5, '', 1, '2021-07-01 11:26:05', '2021-07-01 11:23:05', NULL),
	(1159, 'VN0JNJD6', 'Sale tháng 8', NULL, NULL, 5, 73, '2021-07-01 11:36:07', 22, NULL, 11, NULL, NULL, 0, '2021-07-01 11:41:07', '2021-07-01 11:38:07', NULL),
	(1160, 'QX5SAOS2', 'Hỏi chính sách tiền lương ot', NULL, NULL, 3, 48, '2021-07-01 11:36:30', 24, NULL, 5, NULL, NULL, 0, '2021-07-01 11:41:30', '2021-07-01 11:38:30', NULL),
	(1161, 'ZEOAQQFQ', 'Sale tháng 2', NULL, NULL, 3, 48, '2021-07-01 11:38:21', 22, NULL, 5, NULL, NULL, 0, '2021-07-01 11:43:59', '2021-07-01 11:40:59', '2021-07-01 11:38:59'),
	(1162, '0BDXFOO2', 'Luan demo ngay 0107 lan 12', 'fdf fdfd', 22, 4, 48, '2021-07-01 11:49:58', 27, '2021-07-01 11:51:00', 5, NULL, NULL, 0, '2021-07-01 11:54:58', '2021-07-01 11:51:58', NULL),
	(1163, 'IX8TAY9U', 'Luan demo ngay 0107 lan 13', 'asa êw', 22, 4, 48, '2021-07-01 11:50:04', 27, '2021-07-01 11:50:57', 5, NULL, NULL, 0, '2021-07-01 11:55:04', '2021-07-01 11:52:04', NULL),
	(1164, 'APS0K7HW', 'Luan demo ngay 0107 lan 14', 'ac âc', 22, 4, 48, '2021-07-01 11:50:08', 27, '2021-07-01 11:50:53', 5, NULL, NULL, 0, '2021-07-01 11:55:08', '2021-07-01 11:52:08', NULL),
	(1165, '8VWTMQDP', 'Luan demo ngay 0107 lan 15', 'fgfg ffg', 22, 2, 48, '2021-07-01 11:50:11', 27, '2021-07-01 11:50:50', 5, NULL, NULL, 0, '2021-07-01 11:55:11', '2021-07-01 11:52:11', NULL),
	(1166, 'IJQ9U7QR', 'Hỏi quy định tính giờ đi muộn', NULL, NULL, 1, 73, '2021-07-01 13:42:36', 22, NULL, 11, NULL, NULL, 0, '2021-07-01 13:46:36', '2021-07-01 13:44:36', NULL);
/*!40000 ALTER TABLE `HISTORY_FAQ` ENABLE KEYS */;

-- Dumping structure for table vtman.HISTORY_FAQ_DETAIL
CREATE TABLE IF NOT EXISTS `HISTORY_FAQ_DETAIL` (
  `HISTORY_FAQ_DETAIL_ID` int(11) NOT NULL AUTO_INCREMENT,
  `HISTORY_FAQ_DETAIL_NAME` varchar(500) CHARACTER SET utf8mb4 COLLATE utf8mb4_unicode_ci DEFAULT NULL,
  `ANSWER` varchar(500) CHARACTER SET utf8mb4 COLLATE utf8mb4_unicode_ci DEFAULT NULL,
  `ANSWER_EMPLOYEE_ID` int(11) DEFAULT NULL,
  `HISTORY_FAQ_ID` int(11) DEFAULT NULL,
  `CREATED_DATE` datetime DEFAULT NULL,
  `CREATED_BY` int(11) DEFAULT NULL,
  `ANSWER_DATE` datetime DEFAULT NULL,
  PRIMARY KEY (`HISTORY_FAQ_DETAIL_ID`),
  KEY `FK_HISTORY_FAQ` (`HISTORY_FAQ_ID`),
  CONSTRAINT `FK_HISTORY_FAQ` FOREIGN KEY (`HISTORY_FAQ_ID`) REFERENCES `HISTORY_FAQ` (`HISTORY_FAQ_ID`)
) ENGINE=InnoDB AUTO_INCREMENT=653 DEFAULT CHARSET=utf8;

-- Dumping data for table vtman.HISTORY_FAQ_DETAIL: ~30 rows (approximately)
DELETE FROM `HISTORY_FAQ_DETAIL`;
/*!40000 ALTER TABLE `HISTORY_FAQ_DETAIL` DISABLE KEYS */;
INSERT INTO `HISTORY_FAQ_DETAIL` (`HISTORY_FAQ_DETAIL_ID`, `HISTORY_FAQ_DETAIL_NAME`, `ANSWER`, `ANSWER_EMPLOYEE_ID`, `HISTORY_FAQ_ID`, `CREATED_DATE`, `CREATED_BY`, `ANSWER_DATE`) VALUES
	(613, 'Cách tính năm công tác?', NULL, NULL, 922, '2021-06-25 08:36:02', 21, NULL),
	(614, NULL, 'Bắt đầu từ khi bạn ký hợp đồng lao động đến thời điểm hiện tại', 24, 922, NULL, NULL, '2021-06-25 08:36:21'),
	(615, 'Tôi từng làm ở 1 đơn vị khác trong tập đoàn, liệu thời gian đó có được tính vào không', NULL, NULL, 922, '2021-06-25 08:36:38', 21, NULL),
	(616, NULL, 'Có được tính nhé bạn', 24, 922, NULL, NULL, '2021-06-25 08:36:49'),
	(617, 'Ưu đãi gồm những gì ?', NULL, NULL, 922, '2021-06-25 08:37:06', 21, NULL),
	(618, NULL, 'Bạn dùng các dịch vụ của VTPost sẽ được ưu đãi giảm giá 30% tất cả các dịch vụ', 24, 922, NULL, NULL, '2021-06-25 08:37:17'),
	(619, 'Mức giảm tối đa là bao nhiêu', NULL, NULL, 922, '2021-06-25 08:37:44', 21, NULL),
	(620, NULL, 'Giảm tối đa 1000000 VND/dịch vụ', 24, 922, NULL, NULL, '2021-06-25 08:37:56'),
	(621, 'Ưu đãi có tính cộng dồn của 2 nhân viên không?', NULL, NULL, 922, '2021-06-25 08:38:07', 21, NULL),
	(622, NULL, 'Chỉ tính cho 1 nhân viên và không cộng dồn các ưu đãi với nhau', 24, 922, NULL, NULL, '2021-06-25 08:38:14'),
	(623, 'Chương trình ưu đãi bao giờ thì kết thúc', NULL, NULL, 922, '2021-06-25 08:38:22', 21, NULL),
	(624, NULL, 'Chương trình sẽ có thời gian từ lúc có chương trình đến hết năm', 24, 922, NULL, NULL, '2021-06-25 08:38:28'),
	(625, 'Người thân tôi không phải là nhân viên nhưng có nhu cầu dùng ưu đãi được không', NULL, NULL, 922, '2021-06-25 08:38:42', 21, NULL),
	(626, NULL, 'Dạ có nhưng phải có mã nhân viên do bạn cung cấp để điền thông tin lên hệ thống', 24, 922, NULL, NULL, '2021-06-25 08:38:52'),
	(627, 'Cảm ơn bạn', NULL, NULL, 922, '2021-06-25 08:38:58', 21, NULL),
	(628, NULL, 'Bất cứ khi nào bạn có thắc mắc, chúng tôi luôn sẵn sàng giúp đỡ!', 24, 922, NULL, NULL, '2021-06-25 08:39:07'),
	(629, 'Vâng. Chúc bạn 1 ngày làm việc hiệu quả', NULL, NULL, 922, '2021-06-25 08:39:14', 21, NULL),
	(630, NULL, 'Cảm ơn bạn. Nếu bạn không còn câu hỏi gì tôi xin phép được đóng câu hỏi.', 24, 922, NULL, NULL, '2021-06-25 08:39:20'),
	(636, 'Uuu', NULL, NULL, 935, '2021-06-25 10:01:30', 22, NULL),
	(637, NULL, 'Vvvc', 24, 935, NULL, NULL, '2021-06-25 10:02:16'),
	(638, NULL, 'Hệ', 24, 946, NULL, NULL, '2021-06-25 11:43:55'),
	(639, NULL, 'Dghjjvgfhbdfhbbvvcvbbbbvv hsjjsd', 22, 979, NULL, NULL, '2021-06-25 16:57:50'),
	(640, 'Hsjdjd', NULL, NULL, 985, '2021-06-25 17:19:57', 22, NULL),
	(641, 'Hdjdjdj', NULL, NULL, 985, '2021-06-25 17:20:00', 22, NULL),
	(642, NULL, 'từ 25', 25, 988, NULL, NULL, '2021-06-25 18:43:50'),
	(643, 'Tôi rất muốn ứng tuyển.có yêu cầu gì cho vị trí này không ạ', NULL, NULL, 1009, '2021-06-26 16:37:10', 24, NULL),
	(644, NULL, 'hello', 25, 991, NULL, NULL, '2021-06-28 08:34:15'),
	(645, 'hello', NULL, NULL, 1007, '2021-06-28 09:46:26', 24, NULL),
	(651, NULL, '50 % nha', 24, 1032, NULL, NULL, '2021-06-30 11:13:18'),
	(652, NULL, 'Toi muon hoi them cau hoi 5?', 24, 1076, NULL, NULL, '2021-06-30 18:15:19');
/*!40000 ALTER TABLE `HISTORY_FAQ_DETAIL` ENABLE KEYS */;

-- Dumping structure for table vtman.MENU
CREATE TABLE IF NOT EXISTS `MENU` (
  `MENU_ID` int(11) NOT NULL AUTO_INCREMENT,
  `MENU_NAME` varchar(255) CHARACTER SET utf8 COLLATE utf8_unicode_ci NOT NULL,
  `NUMBER_ORDER` int(11) DEFAULT NULL,
  `DESCRIPTION` varchar(255) CHARACTER SET utf8 COLLATE utf8_unicode_ci DEFAULT NULL,
  `ICON` varchar(500) CHARACTER SET utf8 COLLATE utf8_unicode_ci DEFAULT NULL,
  `MENU_PATH` varchar(500) CHARACTER SET utf8 COLLATE utf8_bin DEFAULT NULL,
  `STATUS` int(11) DEFAULT NULL,
  `CREATED_DATE` datetime DEFAULT NULL,
  `CREATED_BY` int(11) DEFAULT NULL,
  `UPDATED_DATE` datetime DEFAULT NULL,
  `UPDATED_BY` int(10) DEFAULT NULL,
  PRIMARY KEY (`MENU_ID`)
) ENGINE=InnoDB AUTO_INCREMENT=199 DEFAULT CHARSET=utf8;

-- Dumping data for table vtman.MENU: ~4 rows (approximately)
DELETE FROM `MENU`;
/*!40000 ALTER TABLE `MENU` DISABLE KEYS */;
INSERT INTO `MENU` (`MENU_ID`, `MENU_NAME`, `NUMBER_ORDER`, `DESCRIPTION`, `ICON`, `MENU_PATH`, `STATUS`, `CREATED_DATE`, `CREATED_BY`, `UPDATED_DATE`, `UPDATED_BY`) VALUES
	(1, 'Quản lý danh mục', 1, 'Hiển thị các thông tin liên quan đến quản trị nội dung', 'cil-spreadsheet', '/catalog', 1, '2021-06-03 17:46:14', 12, '2021-06-30 19:35:46', 35),
	(2, 'Quản lý báo cáo', 2, 'Hiển thị các báo cáo', 'cil-notes', '/report', 1, '2021-06-03 17:46:14', 12, '2021-06-25 09:55:32', 35),
	(3, 'Quản trị hệ thống', 3, 'Thực hiện cấu hình hệ thống', 'cil-settings', '/system', 1, '2021-06-03 17:46:14', 12, '2021-06-25 09:56:12', 35),
	(4, 'Quản lý tài khoản', 4, 'Nhập mô tả', 'cil-laptop', '/account', 1, '2021-06-11 10:47:50', 12, '2021-06-25 09:07:27', 35);
/*!40000 ALTER TABLE `MENU` ENABLE KEYS */;

-- Dumping structure for table vtman.NOTIFICATION_FAQ
CREATE TABLE IF NOT EXISTS `NOTIFICATION_FAQ` (
  `NOTIFICATION_ID` int(11) NOT NULL AUTO_INCREMENT,
  `NOTIFICATION_TITLE` varchar(60) CHARACTER SET utf8 COLLATE utf8_unicode_ci DEFAULT NULL,
  `NOTIFICATION_NAME` varchar(600) CHARACTER SET utf8mb4 COLLATE utf8mb4_unicode_ci DEFAULT NULL,
  `NOTIFICATION_DATE` datetime DEFAULT NULL,
  `EMPLOYEE_ID` int(11) DEFAULT NULL,
  `IS_VIEW` int(1) DEFAULT NULL,
  `HISTORY_FAQ_ID` int(11) DEFAULT NULL,
  `TOPIC_ID` int(11) DEFAULT NULL,
  `NOTIFICATION_TYPE` int(1) DEFAULT NULL,
  `TYPE_CMS` int(1) DEFAULT NULL,
  PRIMARY KEY (`NOTIFICATION_ID`),
  KEY `HISTORY_FAQ_ID` (`HISTORY_FAQ_ID`),
  CONSTRAINT `NOTIFICATION_FAQ_ibfk_1` FOREIGN KEY (`HISTORY_FAQ_ID`) REFERENCES `HISTORY_FAQ` (`HISTORY_FAQ_ID`)
) ENGINE=InnoDB AUTO_INCREMENT=2543 DEFAULT CHARSET=utf8;

-- Dumping data for table vtman.NOTIFICATION_FAQ: ~562 rows (approximately)
DELETE FROM `NOTIFICATION_FAQ`;
/*!40000 ALTER TABLE `NOTIFICATION_FAQ` DISABLE KEYS */;
INSERT INTO `NOTIFICATION_FAQ` (`NOTIFICATION_ID`, `NOTIFICATION_TITLE`, `NOTIFICATION_NAME`, `NOTIFICATION_DATE`, `EMPLOYEE_ID`, `IS_VIEW`, `HISTORY_FAQ_ID`, `TOPIC_ID`, `NOTIFICATION_TYPE`, `TYPE_CMS`) VALUES
	(1658, 'Bạn đã nhận được câu hỏi', '276101 - Nguyễn Phương Hằng: "Chính sách giảm giá cho nhân viên"', '2021-06-24 16:07:07', 24, 0, 911, 73, 1, 1),
	(1659, 'Bạn đã nhận được câu hỏi', '276101 - Nguyễn Phương Hằng: "Ngày nghỉ mát hàng năm là bao gio"', '2021-06-24 16:12:05', 25, 1, 912, 78, 1, 1),
	(1660, 'Bạn đã nhận được câu hỏi', '012345 - Nguyễn Thanh Hùng: "Chính sách sale tháng 8"', '2021-06-24 16:43:26', 24, 0, 913, 73, 1, 1),
	(1661, 'Bạn đã nhận được phản hồi', 'Câu hỏi 0RVUJ9YA: "Sale 50% khi khách hàng chuyển từ 2 bưu phẩm trở lên".', '2021-06-24 16:55:37', 21, 0, 913, 73, 2, 2),
	(1663, 'Bạn đã nhận được câu hỏi', '276101 - Nguyễn Phương Hằng: "Quy trình kiểm tra bưu phẩm"', '2021-06-24 17:44:51', 22, 1, 914, 48, 1, 1),
	(1664, 'Bạn đã nhận được câu hỏi', '012345 - Nguyễn Thanh Hùng: "Marketing tháng 9?"', '2021-06-24 17:49:21', 24, 0, 915, 73, 1, 1),
	(1665, 'Bạn đã nhận được phản hồi', 'Câu hỏi UI8BB5S0: "Tháng 9 tập trung quảng bá trên nền tang Tiktok về các dịch vụ của VTPost".', '2021-06-24 17:51:28', 21, 0, 915, 73, 2, 2),
	(1666, 'Bạn đã nhận được câu hỏi', '012345 - Nguyễn Thanh Hùng: "Chương trình Sale cuối năm"', '2021-06-24 18:16:24', 24, 0, 916, 73, 1, 1),
	(1667, 'Bạn đã nhận được câu hỏi', '012345 - Nguyễn Thanh Hùng: "Quy trình giao nhận bưu phẩm"', '2021-06-24 18:29:27', 22, 0, 917, 48, 1, 1),
	(1669, 'Bạn đã nhận được phản hồi', 'Câu hỏi G59T561H: "Giảm giá vào đợt Tết Dương lịch đến hết Tết Âm lịch".', '2021-06-24 18:45:55', 21, 0, 916, 73, 2, 2),
	(1673, 'Bạn đã nhận được câu hỏi', '012345 - Nguyễn Thanh Hùng: "Điều kiện để nhận ưu đãi giảm giá cho nhân viên"', '2021-06-25 08:34:55', 24, 0, 922, 73, 1, 1),
	(1674, 'Bạn đã nhận được phản hồi', 'Câu hỏi 18OZ7T7C: "Nhân viên có trên 1 năm công tác".', '2021-06-25 08:35:38', 21, 0, 922, 73, 2, 2),
	(1688, 'Bạn đã nhận được câu hỏi', '277896 - Nguyễn Thị Xuyến: "Chính sách Sale tháng 7"', '2021-06-25 09:46:40', 24, 0, 933, 73, 1, 1),
	(1689, 'Bạn đã nhận được phản hồi', 'Câu hỏi TWK4DQGS: "Tháng 7 bắt đầu sale từ ngày 15/07 - 30/07".', '2021-06-25 09:47:11', 22, 0, 933, 73, 2, 2),
	(1690, 'Bạn đã nhận được câu hỏi', '277896 - Nguyễn Thị Xuyến: "Sale giá cước vận chuyển"', '2021-06-25 09:50:51', 24, 1, 934, 73, 1, 1),
	(1691, 'Bạn đã nhận được câu hỏi', '277896 - Nguyễn Thị Xuyến: "Quy trình đóng gói bưu phẩm"', '2021-06-25 09:52:44', 24, 0, 935, 73, 1, 1),
	(1696, 'Bạn đã nhận được phản hồi', 'Câu hỏi I3BBL4KK: "Nhận bưu phẩm, đóng gói".', '2021-06-25 09:57:39', 22, 0, 935, 73, 2, 2),
	(1699, 'Bạn đã nhận được câu hỏi', '276101 - Nguyễn Phương Hằng: "Quy trình vận chuyển bưu phẩm"', '2021-06-25 10:06:00', 22, 0, 936, 48, 1, 1),
	(1701, 'Bạn đã nhận được phản hồi', 'Câu hỏi TUO4LXTH: "Nhận hàng từ kho, vận chuyển đến người nhận".', '2021-06-25 10:07:29', 24, 0, 936, 48, 2, 2),
	(1708, 'Bạn đã nhận được câu hỏi', '276101 - Nguyễn Phương Hằng: "Thời gian bắt đầu làm việc bắt đầu từ mấy giờ"', '2021-06-25 10:45:04', 7, 1, 941, 126, 1, 1),
	(1709, 'Bạn đã nhận được câu hỏi', '276101 - Nguyễn Phương Hằng: "Thời gian bắt đầu làm việc bắt đầu từ mấy giờ"', '2021-06-25 10:45:04', 26, 1, 941, 126, 1, 1),
	(1710, 'Câu hỏi sắp hết hạn', 'Câu hỏi 583BSVXH sắp hết hạn sau 5 phút nữa! Bạn dành ít phút để trả lời nhé', '2021-06-25 10:45:00', 24, 0, 934, 73, 1, 3),
	(1714, 'Câu hỏi đã hết hạn', 'Câu hỏi 583BSVXH đã hết hạn. Bạn không thể trả lời được nữa rồi!', '2021-06-25 10:50:00', 24, 1, 934, 73, 1, 4),
	(1715, 'Không nhận được phản hồi', 'Vì lý do khách quan, câu hỏi 583BSVXH của bạn chưa nhận được phản hồi. Đừng lo lắng, hãy đặt lại câu hỏi với VTHero nhé!', '2021-06-25 10:50:00', 22, 0, 934, 73, 2, 5),
	(1732, 'Bạn đã nhận được câu hỏi', '012345 - Nguyễn Thanh Hùng: "Hỏi 24 chuyển 22 nhé"', '2021-06-25 11:18:00', 5, 1, 942, 48, 1, 1),
	(1742, 'Bạn đã nhận được câu hỏi', '012345 - Nguyễn Thanh Hùng: "Hỏi 24 nhờ chuyển giúp 22 nhá"', '2021-06-25 11:25:28', 1, 1, 943, 56, 1, 1),
	(1743, 'Bạn đã nhận được câu hỏi', '012345 - Nguyễn Thanh Hùng: "Hỏi 24 nhờ chuyển giúp 22 nhá"', '2021-06-25 11:25:28', 22, 0, 943, 56, 1, 1),
	(1753, 'Bạn đã nhận được câu hỏi', '012345 - Nguyễn Thanh Hùng: "Chuyển tiếp lý"', '2021-06-25 11:31:26', 1, 1, 944, 56, 1, 1),
	(1754, 'Bạn đã nhận được câu hỏi', '012345 - Nguyễn Thanh Hùng: "Chuyển tiếp lý"', '2021-06-25 11:31:26', 22, 0, 944, 56, 1, 1),
	(1765, 'Bạn đã nhận được câu hỏi', '012345 - Nguyễn Thanh Hùng: "Thưởng cho tôi"', '2021-06-25 11:35:12', 1, 1, 945, 56, 1, 1),
	(1766, 'Bạn đã nhận được câu hỏi', '012345 - Nguyễn Thanh Hùng: "Thưởng cho tôi"', '2021-06-25 11:35:12', 22, 0, 945, 56, 1, 1),
	(1767, 'Bạn đã nhận được câu hỏi', '012345 - Nguyễn Thanh Hùng: "Đội tuyển "', '2021-06-25 11:38:18', 24, 1, 946, 73, 1, 1),
	(1768, 'Bạn đã nhận được phản hồi', 'Câu hỏi UYNQCCMX: "Ngu".', '2021-06-25 11:40:36', 21, 0, 946, 73, 2, 2),
	(1769, 'Không nhận được phản hồi', 'Vì lý do khách quan, câu hỏi 7FZGC3MY của bạn chưa nhận được phản hồi. Đừng lo lắng, hãy đặt lại câu hỏi với VTHero nhé!', '2021-06-25 11:45:00', 24, 0, 941, 126, 2, 5),
	(1772, 'Bạn đã nhận được câu hỏi', 'AAFFDD - Sơn Lò Văn: "Tôi thích thưởng nóng"', '2021-06-25 11:47:04', 24, 0, 947, 73, 1, 1),
	(1773, 'Bạn đã nhận được phản hồi', 'Câu hỏi SR2B6C6V: "Trả lời".', '2021-06-25 11:48:07', 21, 0, 947, 73, 2, 2),
	(1774, 'Bạn đã nhận được câu hỏi', 'AAFFDD - Sơn Lò Văn: "Công ty có chế độ gì"', '2021-06-25 11:53:40', 24, 0, 948, 73, 1, 1),
	(1775, 'Bạn đã nhận được phản hồi', 'Câu hỏi V1TY30KX: "Nhiều chế độ lắm".', '2021-06-25 11:55:10', 21, 1, 948, 73, 2, 2),
	(1776, 'Bạn đã nhận được câu hỏi', 'AAFFDD - Sơn Lò Văn: "Bưu tá phải làm gì"', '2021-06-25 11:59:53', 24, 0, 949, 73, 1, 1),
	(1777, 'Bạn đã nhận được phản hồi', 'Câu hỏi FAB03NJX: "Phải làm nhiều".', '2021-06-25 12:00:40', 21, 1, 949, 73, 2, 2),
	(1780, 'Không nhận được phản hồi', 'Vì lý do khách quan, câu hỏi V33BYQML của bạn chưa nhận được phản hồi. Đừng lo lắng, hãy đặt lại câu hỏi với VTHero nhé!', '2021-06-25 13:48:00', 21, 1, 942, 48, 2, 5),
	(1781, 'Bạn đã nhận được câu hỏi', 'AAFFDD - Sơn Lò Văn: "Chính sách lương thưởng"', '2021-06-25 13:51:33', 24, 0, 950, 73, 1, 1),
	(1782, 'Bạn đã nhận được phản hồi', 'Câu hỏi 30SA7Z35: "Cộng vào hàng tháng. Theo KPI của tháng".', '2021-06-25 13:52:51', 21, 1, 950, 73, 2, 2),
	(1784, 'Không nhận được phản hồi', 'Vì lý do khách quan, câu hỏi BUGN3Y1Y của bạn chưa nhận được phản hồi. Đừng lo lắng, hãy đặt lại câu hỏi với VTHero nhé!', '2021-06-25 13:55:00', 21, 1, 943, 56, 2, 5),
	(1785, 'Không nhận được phản hồi', 'Vì lý do khách quan, câu hỏi M4559GDH của bạn chưa nhận được phản hồi. Đừng lo lắng, hãy đặt lại câu hỏi với VTHero nhé!', '2021-06-25 14:01:00', 21, 1, 944, 56, 2, 5),
	(1790, 'Không nhận được phản hồi', 'Vì lý do khách quan, câu hỏi 7O32U7RE của bạn chưa nhận được phản hồi. Đừng lo lắng, hãy đặt lại câu hỏi với VTHero nhé!', '2021-06-25 14:05:00', 21, 1, 945, 56, 2, 5),
	(1802, 'Bạn đã nhận được câu hỏi', 'AAFFDD - Sơn Lò Văn: "Hỏi lương"', '2021-06-25 14:15:43', 79, 1, 954, NULL, 1, 1),
	(1803, 'Bạn đã nhận được câu hỏi', 'AAFFDD - Sơn Lò Văn: "Hỏi lương"', '2021-06-25 14:15:43', 4, 1, 954, NULL, 1, 1),
	(1804, 'Bạn đã nhận được câu hỏi', 'AAFFDD - Sơn Lò Văn: "Hỏi lương"', '2021-06-25 14:15:43', 80, 1, 954, NULL, 1, 1),
	(1805, 'Bạn đã nhận được câu hỏi', 'AAFFDD - Sơn Lò Văn: "Hỏi lương"', '2021-06-25 14:15:43', 8, 1, 954, NULL, 1, 1),
	(1806, 'Bạn đã nhận được câu hỏi', 'AAFFDD - Sơn Lò Văn: "Hỏi lương"', '2021-06-25 14:15:43', 9, 1, 954, NULL, 1, 1),
	(1807, 'Bạn đã nhận được câu hỏi', '276101 - Nguyễn Phương Hằng: "Tiền lương tháng 8"', '2021-06-25 14:18:25', 79, 1, 955, NULL, 1, 1),
	(1808, 'Bạn đã nhận được câu hỏi', '276101 - Nguyễn Phương Hằng: "Tiền lương tháng 8"', '2021-06-25 14:18:25', 4, 1, 955, NULL, 1, 1),
	(1809, 'Bạn đã nhận được câu hỏi', '276101 - Nguyễn Phương Hằng: "Tiền lương tháng 8"', '2021-06-25 14:18:25', 80, 1, 955, NULL, 1, 1),
	(1810, 'Bạn đã nhận được câu hỏi', '276101 - Nguyễn Phương Hằng: "Tiền lương tháng 8"', '2021-06-25 14:18:25', 8, 1, 955, NULL, 1, 1),
	(1811, 'Bạn đã nhận được câu hỏi', '276101 - Nguyễn Phương Hằng: "Tiền lương tháng 8"', '2021-06-25 14:18:25', 9, 1, 955, NULL, 1, 1),
	(1812, 'Bạn đã nhận được câu hỏi', 'AAFFDD - Sơn Lò Văn: "Hỏi lương"', '2021-06-25 14:19:08', 79, 1, 956, NULL, 1, 1),
	(1813, 'Bạn đã nhận được câu hỏi', 'AAFFDD - Sơn Lò Văn: "Hỏi lương"', '2021-06-25 14:19:08', 4, 1, 956, NULL, 1, 1),
	(1814, 'Bạn đã nhận được câu hỏi', 'AAFFDD - Sơn Lò Văn: "Hỏi lương"', '2021-06-25 14:19:08', 80, 1, 956, NULL, 1, 1),
	(1815, 'Bạn đã nhận được câu hỏi', 'AAFFDD - Sơn Lò Văn: "Hỏi lương"', '2021-06-25 14:19:08', 8, 1, 956, NULL, 1, 1),
	(1816, 'Bạn đã nhận được câu hỏi', 'AAFFDD - Sơn Lò Văn: "Hỏi lương"', '2021-06-25 14:19:08', 9, 1, 956, NULL, 1, 1),
	(1817, 'Bạn đã nhận được câu hỏi', 'AAFFDD - Sơn Lò Văn: "Hỏi lương"', '2021-06-25 14:22:38', 79, 1, 957, NULL, 1, 1),
	(1818, 'Bạn đã nhận được câu hỏi', 'AAFFDD - Sơn Lò Văn: "Hỏi lương"', '2021-06-25 14:22:38', 4, 1, 957, NULL, 1, 1),
	(1819, 'Bạn đã nhận được câu hỏi', 'AAFFDD - Sơn Lò Văn: "Hỏi lương"', '2021-06-25 14:22:38', 80, 1, 957, NULL, 1, 1),
	(1820, 'Bạn đã nhận được câu hỏi', 'AAFFDD - Sơn Lò Văn: "Hỏi lương"', '2021-06-25 14:22:38', 8, 1, 957, NULL, 1, 1),
	(1821, 'Bạn đã nhận được câu hỏi', 'AAFFDD - Sơn Lò Văn: "Hỏi lương"', '2021-06-25 14:22:38', 9, 1, 957, NULL, 1, 1),
	(1822, 'Bạn đã nhận được câu hỏi', '277896 - Nguyễn Thị Xuyến: "Hỏi lương"', '2021-06-25 14:22:39', 79, 1, 958, NULL, 1, 1),
	(1823, 'Bạn đã nhận được câu hỏi', '277896 - Nguyễn Thị Xuyến: "Hỏi lương"', '2021-06-25 14:22:39', 4, 1, 958, NULL, 1, 1),
	(1824, 'Bạn đã nhận được câu hỏi', '277896 - Nguyễn Thị Xuyến: "Hỏi lương"', '2021-06-25 14:22:39', 80, 1, 958, NULL, 1, 1),
	(1825, 'Bạn đã nhận được câu hỏi', '277896 - Nguyễn Thị Xuyến: "Hỏi lương"', '2021-06-25 14:22:39', 8, 1, 958, NULL, 1, 1),
	(1826, 'Bạn đã nhận được câu hỏi', '277896 - Nguyễn Thị Xuyến: "Hỏi lương"', '2021-06-25 14:22:39', 9, 1, 958, NULL, 1, 1),
	(1827, 'Bạn đã nhận được câu hỏi', '276101 - Nguyễn Phương Hằng: "Tiền lương tháng 8"', '2021-06-25 14:23:17', 79, 1, 959, NULL, 1, 1),
	(1828, 'Bạn đã nhận được câu hỏi', '276101 - Nguyễn Phương Hằng: "Tiền lương tháng 8"', '2021-06-25 14:23:17', 4, 1, 959, NULL, 1, 1),
	(1829, 'Bạn đã nhận được câu hỏi', '276101 - Nguyễn Phương Hằng: "Tiền lương tháng 8"', '2021-06-25 14:23:17', 80, 1, 959, NULL, 1, 1),
	(1830, 'Bạn đã nhận được câu hỏi', '276101 - Nguyễn Phương Hằng: "Tiền lương tháng 8"', '2021-06-25 14:23:17', 8, 1, 959, NULL, 1, 1),
	(1831, 'Bạn đã nhận được câu hỏi', '276101 - Nguyễn Phương Hằng: "Tiền lương tháng 8"', '2021-06-25 14:23:17', 9, 1, 959, NULL, 1, 1),
	(1832, 'Bạn đã nhận được câu hỏi', '277896 - Nguyễn Thị Xuyến: "Hỏi lương"', '2021-06-25 14:24:47', 79, 1, 960, NULL, 1, 1),
	(1833, 'Bạn đã nhận được câu hỏi', '277896 - Nguyễn Thị Xuyến: "Hỏi lương"', '2021-06-25 14:24:47', 4, 1, 960, NULL, 1, 1),
	(1834, 'Bạn đã nhận được câu hỏi', '277896 - Nguyễn Thị Xuyến: "Hỏi lương"', '2021-06-25 14:24:47', 80, 1, 960, NULL, 1, 1),
	(1835, 'Bạn đã nhận được câu hỏi', '277896 - Nguyễn Thị Xuyến: "Hỏi lương"', '2021-06-25 14:24:47', 8, 1, 960, NULL, 1, 1),
	(1836, 'Bạn đã nhận được câu hỏi', '277896 - Nguyễn Thị Xuyến: "Hỏi lương"', '2021-06-25 14:24:47', 9, 1, 960, NULL, 1, 1),
	(1837, 'Bạn đã nhận được câu hỏi', '276101 - Nguyễn Phương Hằng: "Tiền lương tháng 9"', '2021-06-25 14:25:24', 79, 1, 961, NULL, 1, 1),
	(1838, 'Bạn đã nhận được câu hỏi', '276101 - Nguyễn Phương Hằng: "Tiền lương tháng 9"', '2021-06-25 14:25:24', 4, 1, 961, NULL, 1, 1),
	(1839, 'Bạn đã nhận được câu hỏi', '276101 - Nguyễn Phương Hằng: "Tiền lương tháng 9"', '2021-06-25 14:25:24', 80, 1, 961, NULL, 1, 1),
	(1840, 'Bạn đã nhận được câu hỏi', '276101 - Nguyễn Phương Hằng: "Tiền lương tháng 9"', '2021-06-25 14:25:24', 8, 1, 961, NULL, 1, 1),
	(1841, 'Bạn đã nhận được câu hỏi', '276101 - Nguyễn Phương Hằng: "Tiền lương tháng 9"', '2021-06-25 14:25:24', 9, 1, 961, NULL, 1, 1),
	(1842, 'Bạn đã nhận được câu hỏi', '277896 - Nguyễn Thị Xuyến: "Luan demo push notification ngay 2506"', '2021-06-25 14:31:05', 24, 1, 962, 73, 1, 1),
	(1849, 'Câu hỏi sắp hết hạn', 'Câu hỏi TN998K8W sắp hết hạn sau 3 phút nữa! Bạn dành ít phút để trả lời nhé', '2021-06-25 14:42:00', 24, 1, 962, 73, 1, 3),
	(1853, 'Câu hỏi đã hết hạn', 'Câu hỏi TN998K8W đã hết hạn. Bạn không thể trả lời được nữa rồi!', '2021-06-25 14:45:00', 24, 1, 962, 73, 1, 4),
	(1854, 'Không nhận được phản hồi', 'Vì lý do khách quan, câu hỏi TN998K8W của bạn chưa nhận được phản hồi. Đừng lo lắng, hãy đặt lại câu hỏi với VTHero nhé!', '2021-06-25 14:45:00', 22, 1, 962, 73, 2, 5),
	(1858, 'Bạn đã nhận được câu hỏi', '277896 - Nguyễn Thị Xuyến: "Lương tháng 13 chi trả như thế nào"', '2021-06-25 14:54:32', 79, 1, 967, NULL, 1, 1),
	(1859, 'Bạn đã nhận được câu hỏi', '277896 - Nguyễn Thị Xuyến: "Lương tháng 13 chi trả như thế nào"', '2021-06-25 14:54:32', 8, 1, 967, NULL, 1, 1),
	(1860, 'Bạn đã nhận được câu hỏi', '277896 - Nguyễn Thị Xuyến: "Lương tháng 13 chi trả như thế nào"', '2021-06-25 14:54:32', 9, 1, 967, NULL, 1, 1),
	(1867, 'Không nhận được phản hồi', 'Vì lý do khách quan, câu hỏi 75SJ9XGR của bạn chưa nhận được phản hồi. Đừng lo lắng, hãy đặt lại câu hỏi với VTHero nhé!', '2021-06-25 15:15:00', 21, 1, 954, NULL, 2, 5),
	(1868, 'Bạn đã nhận được câu hỏi', '277896 - Nguyễn Thị Xuyến: "Tôi muốn hỏi thời gian làm việc thứ 7"', '2021-06-25 15:15:52', 79, 1, 970, NULL, 1, 1),
	(1869, 'Bạn đã nhận được câu hỏi', '277896 - Nguyễn Thị Xuyến: "Tôi muốn hỏi thời gian làm việc thứ 7"', '2021-06-25 15:15:52', 8, 1, 970, NULL, 1, 1),
	(1870, 'Bạn đã nhận được câu hỏi', '277896 - Nguyễn Thị Xuyến: "Tôi muốn hỏi thời gian làm việc thứ 7"', '2021-06-25 15:15:52', 9, 1, 970, NULL, 1, 1),
	(1871, 'Không nhận được phản hồi', 'Vì lý do khách quan, câu hỏi 281U9VLV của bạn chưa nhận được phản hồi. Đừng lo lắng, hãy đặt lại câu hỏi với VTHero nhé!', '2021-06-25 15:18:00', 24, 0, 955, NULL, 2, 5),
	(1872, 'Không nhận được phản hồi', 'Vì lý do khách quan, câu hỏi 22MF823Y của bạn chưa nhận được phản hồi. Đừng lo lắng, hãy đặt lại câu hỏi với VTHero nhé!', '2021-06-25 15:19:00', 21, 1, 956, NULL, 2, 5),
	(1876, 'Không nhận được phản hồi', 'Vì lý do khách quan, câu hỏi MJQEOBCI của bạn chưa nhận được phản hồi. Đừng lo lắng, hãy đặt lại câu hỏi với VTHero nhé!', '2021-06-25 15:22:00', 22, 1, 958, NULL, 2, 5),
	(1877, 'Không nhận được phản hồi', 'Vì lý do khách quan, câu hỏi 9H09PZOY của bạn chưa nhận được phản hồi. Đừng lo lắng, hãy đặt lại câu hỏi với VTHero nhé!', '2021-06-25 15:22:00', 21, 1, 957, NULL, 2, 5),
	(1878, 'Bạn đã nhận được câu hỏi', '277896 - Nguyễn Thị Xuyến: "Chính sách thi đua sản xuất như thế nào"', '2021-06-25 15:22:53', 79, 1, 972, NULL, 1, 1),
	(1879, 'Bạn đã nhận được câu hỏi', '277896 - Nguyễn Thị Xuyến: "Chính sách thi đua sản xuất như thế nào"', '2021-06-25 15:22:53', 8, 1, 972, NULL, 1, 1),
	(1880, 'Bạn đã nhận được câu hỏi', '277896 - Nguyễn Thị Xuyến: "Chính sách thi đua sản xuất như thế nào"', '2021-06-25 15:22:53', 9, 1, 972, NULL, 1, 1),
	(1881, 'Không nhận được phản hồi', 'Vì lý do khách quan, câu hỏi 5H84V2ON của bạn chưa nhận được phản hồi. Đừng lo lắng, hãy đặt lại câu hỏi với VTHero nhé!', '2021-06-25 15:23:00', 24, 1, 959, NULL, 2, 5),
	(1882, 'Không nhận được phản hồi', 'Vì lý do khách quan, câu hỏi SYGH4IMS của bạn chưa nhận được phản hồi. Đừng lo lắng, hãy đặt lại câu hỏi với VTHero nhé!', '2021-06-25 15:24:00', 22, 1, 960, NULL, 2, 5),
	(1883, 'Không nhận được phản hồi', 'Vì lý do khách quan, câu hỏi YU3TNE15 của bạn chưa nhận được phản hồi. Đừng lo lắng, hãy đặt lại câu hỏi với VTHero nhé!', '2021-06-25 15:25:00', 24, 1, 961, NULL, 2, 5),
	(1890, 'Bạn đã nhận được câu hỏi', '276101 - Nguyễn Phương Hằng: "Tiền lương tháng 12"', '2021-06-25 15:41:26', 79, 1, 975, NULL, 1, 1),
	(1891, 'Bạn đã nhận được câu hỏi', '276101 - Nguyễn Phương Hằng: "Tiền lương tháng 12"', '2021-06-25 15:41:26', 8, 1, 975, NULL, 1, 1),
	(1892, 'Bạn đã nhận được câu hỏi', '276101 - Nguyễn Phương Hằng: "Tiền lương tháng 12"', '2021-06-25 15:41:26', 9, 1, 975, NULL, 1, 1),
	(1893, 'Bạn đã nhận được câu hỏi', '277896 - Nguyễn Thị Xuyến: "Luan demo push notification ngay 2506 lan 2"', '2021-06-25 15:43:07', 79, 1, 976, NULL, 1, 1),
	(1894, 'Bạn đã nhận được câu hỏi', '277896 - Nguyễn Thị Xuyến: "Luan demo push notification ngay 2506 lan 2"', '2021-06-25 15:43:07', 8, 1, 976, NULL, 1, 1),
	(1895, 'Bạn đã nhận được câu hỏi', '277896 - Nguyễn Thị Xuyến: "Luan demo push notification ngay 2506 lan 2"', '2021-06-25 15:43:07', 9, 1, 976, NULL, 1, 1),
	(1897, 'Câu hỏi sắp hết hạn', 'Câu hỏi RYL71NH9 sắp hết hạn sau 4 phút nữa! Bạn dành ít phút để trả lời nhé', '2021-06-25 15:48:00', 79, 1, 976, NULL, 1, 3),
	(1898, 'Câu hỏi sắp hết hạn', 'Câu hỏi RYL71NH9 sắp hết hạn sau 4 phút nữa! Bạn dành ít phút để trả lời nhé', '2021-06-25 15:48:00', 8, 1, 976, NULL, 1, 3),
	(1899, 'Câu hỏi sắp hết hạn', 'Câu hỏi RYL71NH9 sắp hết hạn sau 4 phút nữa! Bạn dành ít phút để trả lời nhé', '2021-06-25 15:48:00', 9, 1, 976, NULL, 1, 3),
	(1900, 'Câu hỏi sắp hết hạn', 'Câu hỏi M7ZCBFEE sắp hết hạn sau 5 phút nữa! Bạn dành ít phút để trả lời nhé', '2021-06-25 15:49:00', 79, 1, 967, NULL, 1, 3),
	(1901, 'Câu hỏi sắp hết hạn', 'Câu hỏi M7ZCBFEE sắp hết hạn sau 5 phút nữa! Bạn dành ít phút để trả lời nhé', '2021-06-25 15:49:00', 8, 1, 967, NULL, 1, 3),
	(1902, 'Câu hỏi sắp hết hạn', 'Câu hỏi M7ZCBFEE sắp hết hạn sau 5 phút nữa! Bạn dành ít phút để trả lời nhé', '2021-06-25 15:49:00', 9, 1, 967, NULL, 1, 3),
	(1908, 'Câu hỏi đã hết hạn', 'Câu hỏi M7ZCBFEE đã hết hạn. Bạn không thể trả lời được nữa rồi!', '2021-06-25 15:54:00', 79, 1, 967, NULL, 1, 4),
	(1909, 'Câu hỏi đã hết hạn', 'Câu hỏi M7ZCBFEE đã hết hạn. Bạn không thể trả lời được nữa rồi!', '2021-06-25 15:54:00', 8, 1, 967, NULL, 1, 4),
	(1910, 'Câu hỏi đã hết hạn', 'Câu hỏi M7ZCBFEE đã hết hạn. Bạn không thể trả lời được nữa rồi!', '2021-06-25 15:54:00', 9, 1, 967, NULL, 1, 4),
	(1911, 'Không nhận được phản hồi', 'Vì lý do khách quan, câu hỏi M7ZCBFEE của bạn chưa nhận được phản hồi. Đừng lo lắng, hãy đặt lại câu hỏi với VTHero nhé!', '2021-06-25 15:54:00', 22, 1, 967, NULL, 2, 5),
	(1913, 'Câu hỏi đã hết hạn', 'Câu hỏi RYL71NH9 đã hết hạn. Bạn không thể trả lời được nữa rồi!', '2021-06-25 15:57:00', 79, 1, 976, NULL, 1, 4),
	(1914, 'Câu hỏi đã hết hạn', 'Câu hỏi RYL71NH9 đã hết hạn. Bạn không thể trả lời được nữa rồi!', '2021-06-25 15:57:00', 8, 1, 976, NULL, 1, 4),
	(1915, 'Câu hỏi đã hết hạn', 'Câu hỏi RYL71NH9 đã hết hạn. Bạn không thể trả lời được nữa rồi!', '2021-06-25 15:57:00', 9, 1, 976, NULL, 1, 4),
	(1916, 'Không nhận được phản hồi', 'Vì lý do khách quan, câu hỏi RYL71NH9 của bạn chưa nhận được phản hồi. Đừng lo lắng, hãy đặt lại câu hỏi với VTHero nhé!', '2021-06-25 15:57:00', 22, 1, 976, NULL, 2, 5),
	(1917, 'Bạn đã nhận được câu hỏi', 'AAFFDD - Sơn Lò Văn: "Luan demo push notification ngay 2506 lan 3"', '2021-06-25 15:57:52', 79, 1, 978, NULL, 1, 1),
	(1918, 'Bạn đã nhận được câu hỏi', 'AAFFDD - Sơn Lò Văn: "Luan demo push notification ngay 2506 lan 3"', '2021-06-25 15:57:52', 8, 1, 978, NULL, 1, 1),
	(1919, 'Bạn đã nhận được câu hỏi', 'AAFFDD - Sơn Lò Văn: "Luan demo push notification ngay 2506 lan 3"', '2021-06-25 15:57:52', 9, 1, 978, NULL, 1, 1),
	(1920, 'Bạn đã nhận được câu hỏi', 'AAFFDD - Sơn Lò Văn: "Chế độ nghỉ bù như thế nào"', '2021-06-25 16:00:28', 1, 1, 979, 56, 1, 1),
	(1922, 'Bạn đã nhận được câu hỏi', 'AAFFDD - Sơn Lò Văn: "Chế độ cho nhân viên nghỉ tết dương"', '2021-06-25 16:06:00', 24, 1, 981, 73, 1, 1),
	(1923, 'Bạn đã nhận được câu hỏi', 'AAFFDD - Sơn Lò Văn: "Hỏi về lịch nghỉ tết âm"', '2021-06-25 16:08:25', 24, 1, 982, 73, 1, 1),
	(1924, 'Câu hỏi sắp hết hạn', 'Câu hỏi 6LZGXRRI sắp hết hạn sau 5 phút nữa! Bạn dành ít phút để trả lời nhé', '2021-06-25 16:10:00', 79, 1, 970, NULL, 1, 3),
	(1925, 'Câu hỏi sắp hết hạn', 'Câu hỏi 6LZGXRRI sắp hết hạn sau 5 phút nữa! Bạn dành ít phút để trả lời nhé', '2021-06-25 16:10:00', 8, 1, 970, NULL, 1, 3),
	(1926, 'Câu hỏi sắp hết hạn', 'Câu hỏi 6LZGXRRI sắp hết hạn sau 5 phút nữa! Bạn dành ít phút để trả lời nhé', '2021-06-25 16:10:00', 9, 1, 970, NULL, 1, 3),
	(1927, 'Câu hỏi sắp hết hạn', 'Câu hỏi 9CTF8M64 sắp hết hạn sau 2 phút nữa! Bạn dành ít phút để trả lời nhé', '2021-06-25 16:11:00', 24, 1, 981, 73, 1, 3),
	(1928, 'Câu hỏi sắp hết hạn', 'Câu hỏi P24UPZDI sắp hết hạn sau 2 phút nữa! Bạn dành ít phút để trả lời nhé', '2021-06-25 16:13:00', 24, 0, 982, 73, 1, 3),
	(1929, 'Câu hỏi đã hết hạn', 'Câu hỏi 9CTF8M64 đã hết hạn. Bạn không thể trả lời được nữa rồi!', '2021-06-25 16:13:00', 24, 1, 981, 73, 1, 4),
	(1930, 'Không nhận được phản hồi', 'Vì lý do khách quan, câu hỏi 9CTF8M64 của bạn chưa nhận được phản hồi. Đừng lo lắng, hãy đặt lại câu hỏi với VTHero nhé!', '2021-06-25 16:13:00', 21, 1, 981, 73, 2, 5),
	(1931, 'Câu hỏi đã hết hạn', 'Câu hỏi P24UPZDI đã hết hạn. Bạn không thể trả lời được nữa rồi!', '2021-06-25 16:15:00', 24, 0, 982, 73, 1, 4),
	(1932, 'Không nhận được phản hồi', 'Vì lý do khách quan, câu hỏi P24UPZDI của bạn chưa nhận được phản hồi. Đừng lo lắng, hãy đặt lại câu hỏi với VTHero nhé!', '2021-06-25 16:15:00', 21, 0, 982, 73, 2, 5),
	(1933, 'Không nhận được phản hồi', 'Vì lý do khách quan, câu hỏi 6LZGXRRI của bạn chưa nhận được phản hồi. Đừng lo lắng, hãy đặt lại câu hỏi với VTHero nhé!', '2021-06-25 16:15:00', 22, 1, 970, NULL, 2, 5),
	(1936, 'Câu hỏi đã hết hạn', 'Câu hỏi 6LZGXRRI đã hết hạn. Bạn không thể trả lời được nữa rồi!', '2021-06-25 16:15:00', 79, 1, 970, NULL, 1, 4),
	(1937, 'Câu hỏi đã hết hạn', 'Câu hỏi 6LZGXRRI đã hết hạn. Bạn không thể trả lời được nữa rồi!', '2021-06-25 16:15:00', 8, 1, 970, NULL, 1, 4),
	(1938, 'Câu hỏi đã hết hạn', 'Câu hỏi 6LZGXRRI đã hết hạn. Bạn không thể trả lời được nữa rồi!', '2021-06-25 16:15:00', 9, 1, 970, NULL, 1, 4),
	(1940, 'Câu hỏi sắp hết hạn', 'Câu hỏi KROHHVI5 sắp hết hạn sau 5 phút nữa! Bạn dành ít phút để trả lời nhé', '2021-06-25 16:17:00', 79, 1, 972, NULL, 1, 3),
	(1941, 'Câu hỏi sắp hết hạn', 'Câu hỏi KROHHVI5 sắp hết hạn sau 5 phút nữa! Bạn dành ít phút để trả lời nhé', '2021-06-25 16:17:00', 8, 1, 972, NULL, 1, 3),
	(1942, 'Câu hỏi sắp hết hạn', 'Câu hỏi KROHHVI5 sắp hết hạn sau 5 phút nữa! Bạn dành ít phút để trả lời nhé', '2021-06-25 16:17:00', 9, 1, 972, NULL, 1, 3),
	(1943, 'Không nhận được phản hồi', 'Vì lý do khách quan, câu hỏi KROHHVI5 của bạn chưa nhận được phản hồi. Đừng lo lắng, hãy đặt lại câu hỏi với VTHero nhé!', '2021-06-25 16:22:00', 22, 1, 972, NULL, 2, 5),
	(1944, 'Câu hỏi đã hết hạn', 'Câu hỏi KROHHVI5 đã hết hạn. Bạn không thể trả lời được nữa rồi!', '2021-06-25 16:22:00', 79, 1, 972, NULL, 1, 4),
	(1945, 'Câu hỏi đã hết hạn', 'Câu hỏi KROHHVI5 đã hết hạn. Bạn không thể trả lời được nữa rồi!', '2021-06-25 16:22:00', 8, 1, 972, NULL, 1, 4),
	(1946, 'Câu hỏi đã hết hạn', 'Câu hỏi KROHHVI5 đã hết hạn. Bạn không thể trả lời được nữa rồi!', '2021-06-25 16:22:00', 9, 1, 972, NULL, 1, 4),
	(1948, 'Bạn đã nhận được câu hỏi', 'AAFFDD - Sơn Lò Văn: "Chế độ bảo hiểm cho người thân ra sao"', '2021-06-25 16:42:15', 79, 1, 980, NULL, 1, 1),
	(1949, 'Bạn đã nhận được câu hỏi', 'AAFFDD - Sơn Lò Văn: "Chế độ bảo hiểm cho người thân ra sao"', '2021-06-25 16:42:15', 8, 1, 980, NULL, 1, 1),
	(1950, 'Bạn đã nhận được câu hỏi', 'AAFFDD - Sơn Lò Văn: "Chế độ bảo hiểm cho người thân ra sao"', '2021-06-25 16:42:15', 9, 1, 980, NULL, 1, 1),
	(1951, 'Bạn đã nhận được câu hỏi', 'AAFFDD - Sơn Lò Văn: "Tiền lương"', '2021-06-25 16:45:42', 24, 0, 983, 73, 1, 1),
	(1952, 'Bạn đã nhận được phản hồi', 'Câu hỏi FWL87TMP: "Tuỳ xem bạn làm việc trước đó vào thời gian nào. Nếu là làm việc chủ Nhật sẽ được nghỉ bù 3 ngày".', '2021-06-25 16:55:03', 21, 1, 979, 56, 2, 2),
	(1953, 'Câu hỏi sắp hết hạn', 'Câu hỏi FWL87TMP sắp hết hạn sau 5 phút nữa! Bạn dành ít phút để trả lời nhé', '2021-06-25 16:55:00', 22, 1, 979, 56, 1, 3),
	(1957, 'Câu hỏi sắp hết hạn', 'Câu hỏi FWL87TMP sắp hết hạn sau 5 phút nữa! Bạn dành ít phút để trả lời nhé', '2021-06-25 16:55:00', 22, 1, 979, 56, 1, 3),
	(1958, 'Câu hỏi sắp hết hạn', 'Câu hỏi FWL87TMP sắp hết hạn sau 5 phút nữa! Bạn dành ít phút để trả lời nhé', '2021-06-25 16:55:00', 22, 1, 979, 56, 1, 3),
	(1975, 'Bạn đã nhận được câu hỏi', '276101 - Nguyễn Phương Hằng: "Vàng lá"', '2021-06-25 17:08:24', 23, 1, 984, 62, 1, 1),
	(1986, 'Bạn đã nhận được câu hỏi', '277896 - Nguyễn Thị Xuyến: "Tôi muốn hỏi về quan tam đến đời sống của nhân viên"', '2021-06-25 17:17:56', 25, 1, 985, 78, 1, 1),
	(2011, 'Câu hỏi sắp hết hạn', 'Câu hỏi ES96BRSJ sắp hết hạn sau 2 phút nữa! Bạn dành ít phút để trả lời nhé', '2021-06-25 17:37:00', 79, 1, 978, NULL, 1, 3),
	(2012, 'Câu hỏi sắp hết hạn', 'Câu hỏi ES96BRSJ sắp hết hạn sau 2 phút nữa! Bạn dành ít phút để trả lời nhé', '2021-06-25 17:37:00', 8, 1, 978, NULL, 1, 3),
	(2013, 'Câu hỏi sắp hết hạn', 'Câu hỏi ES96BRSJ sắp hết hạn sau 2 phút nữa! Bạn dành ít phút để trả lời nhé', '2021-06-25 17:37:00', 9, 1, 978, NULL, 1, 3),
	(2014, 'Câu hỏi sắp hết hạn', 'Câu hỏi ES96BRSJ sắp hết hạn sau 2 phút nữa! Bạn dành ít phút để trả lời nhé', '2021-06-25 17:37:00', 22, 1, 978, NULL, 1, 3),
	(2015, 'Câu hỏi đã hết hạn', 'Câu hỏi ES96BRSJ đã hết hạn. Bạn không thể trả lời được nữa rồi!', '2021-06-25 17:39:00', 79, 1, 978, NULL, 1, 4),
	(2016, 'Câu hỏi đã hết hạn', 'Câu hỏi ES96BRSJ đã hết hạn. Bạn không thể trả lời được nữa rồi!', '2021-06-25 17:39:00', 8, 1, 978, NULL, 1, 4),
	(2017, 'Câu hỏi đã hết hạn', 'Câu hỏi ES96BRSJ đã hết hạn. Bạn không thể trả lời được nữa rồi!', '2021-06-25 17:39:00', 9, 1, 978, NULL, 1, 4),
	(2018, 'Câu hỏi đã hết hạn', 'Câu hỏi ES96BRSJ đã hết hạn. Bạn không thể trả lời được nữa rồi!', '2021-06-25 17:39:00', 22, 1, 978, NULL, 1, 4),
	(2019, 'Không nhận được phản hồi', 'Vì lý do khách quan, câu hỏi ES96BRSJ của bạn chưa nhận được phản hồi. Đừng lo lắng, hãy đặt lại câu hỏi với VTHero nhé!', '2021-06-25 17:39:00', 21, 1, 978, NULL, 2, 5),
	(2020, 'Bạn đã nhận được câu hỏi', 'AAFFDD - Sơn Lò Văn: "Tiền lương về chưa"', '2021-06-25 18:06:46', 24, 0, 987, 73, 1, 1),
	(2021, 'Bạn đã nhận được câu hỏi', '277896 - Nguyễn Thị Xuyến: "Từ user 22"', '2021-06-25 18:10:31', 25, 1, 988, 78, 1, 1),
	(2022, 'Bạn đã nhận được câu hỏi', '276101 - Nguyễn Phương Hằng: "Từ user 24"', '2021-06-25 18:11:23', 24, 0, 989, 73, 1, 1),
	(2023, 'Bạn đã nhận được câu hỏi', '276101 - Nguyễn Phương Hằng: "Từ user 24"', '2021-06-25 18:14:30', 25, 1, 990, 78, 1, 1),
	(2024, 'Bạn đã nhận được câu hỏi', 'AAFFDD - Sơn Lò Văn: "Từ 21"', '2021-06-25 18:16:02', 25, 1, 991, 78, 1, 1),
	(2025, 'Bạn đã nhận được câu hỏi', 'AAFFDD - Sơn Lò Văn: "Luan demo push notification ngay 2506 lan 4"', '2021-06-25 18:23:21', 79, 1, 992, NULL, 1, 1),
	(2026, 'Bạn đã nhận được câu hỏi', 'AAFFDD - Sơn Lò Văn: "Luan demo push notification ngay 2506 lan 4"', '2021-06-25 18:23:21', 8, 1, 992, NULL, 1, 1),
	(2027, 'Bạn đã nhận được câu hỏi', 'AAFFDD - Sơn Lò Văn: "Luan demo push notification ngay 2506 lan 4"', '2021-06-25 18:23:21', 9, 1, 992, NULL, 1, 1),
	(2028, 'Bạn đã nhận được câu hỏi', 'AAFFDD - Sơn Lò Văn: "Luan demo push notification ngay 2506 lan 4"', '2021-06-25 18:23:21', 22, 1, 992, NULL, 1, 1),
	(2029, 'Bạn đã nhận được câu hỏi', 'AAFFDD - Sơn Lò Văn: "Luan demo push notification ngay 2506 lan 5"', '2021-06-25 18:23:40', 22, 1, 993, 56, 1, 1),
	(2030, 'Bạn đã nhận được câu hỏi', 'AAFFDD - Sơn Lò Văn: "Từ 21 gửi đến"', '2021-06-25 18:23:42', 25, 1, 994, 78, 1, 1),
	(2031, 'Bạn đã nhận được câu hỏi', '277808 - Quan Vân Trường: "từ 25 đến 22"', '2021-06-25 18:32:31', 22, 1, 995, 56, 1, 1),
	(2032, 'Câu hỏi sắp hết hạn', 'Câu hỏi O9T6OBL6 sắp hết hạn sau 2 phút nữa! Bạn dành ít phút để trả lời nhé', '2021-06-25 18:34:00', 79, 1, 992, NULL, 1, 3),
	(2033, 'Câu hỏi sắp hết hạn', 'Câu hỏi O9T6OBL6 sắp hết hạn sau 2 phút nữa! Bạn dành ít phút để trả lời nhé', '2021-06-25 18:34:00', 8, 1, 992, NULL, 1, 3),
	(2034, 'Câu hỏi sắp hết hạn', 'Câu hỏi O9T6OBL6 sắp hết hạn sau 2 phút nữa! Bạn dành ít phút để trả lời nhé', '2021-06-25 18:34:00', 9, 1, 992, NULL, 1, 3),
	(2035, 'Câu hỏi sắp hết hạn', 'Câu hỏi O9T6OBL6 sắp hết hạn sau 2 phút nữa! Bạn dành ít phút để trả lời nhé', '2021-06-25 18:34:00', 24, 0, 992, NULL, 1, 3),
	(2036, 'Bạn đã nhận được câu hỏi', 'AAFFDD - Sơn Lò Văn: "Từ 21 đến 22"', '2021-06-25 18:34:13', 22, 1, 996, 56, 1, 1),
	(2037, 'Bạn đã nhận được câu hỏi', '276101 - Nguyễn Phương Hằng: "Luan demo lan 6"', '2021-06-25 18:34:28', 22, 1, 997, 56, 1, 1),
	(2038, 'Câu hỏi đã hết hạn', 'Câu hỏi O9T6OBL6 đã hết hạn. Bạn không thể trả lời được nữa rồi!', '2021-06-25 18:36:00', 79, 1, 992, NULL, 1, 4),
	(2039, 'Câu hỏi đã hết hạn', 'Câu hỏi O9T6OBL6 đã hết hạn. Bạn không thể trả lời được nữa rồi!', '2021-06-25 18:36:00', 8, 1, 992, NULL, 1, 4),
	(2040, 'Câu hỏi đã hết hạn', 'Câu hỏi O9T6OBL6 đã hết hạn. Bạn không thể trả lời được nữa rồi!', '2021-06-25 18:36:00', 9, 1, 992, NULL, 1, 4),
	(2041, 'Câu hỏi đã hết hạn', 'Câu hỏi O9T6OBL6 đã hết hạn. Bạn không thể trả lời được nữa rồi!', '2021-06-25 18:36:00', 24, 0, 992, NULL, 1, 4),
	(2042, 'Không nhận được phản hồi', 'Vì lý do khách quan, câu hỏi O9T6OBL6 của bạn chưa nhận được phản hồi. Đừng lo lắng, hãy đặt lại câu hỏi với VTHero nhé!', '2021-06-25 18:36:00', 21, 0, 992, NULL, 2, 5),
	(2043, 'Bạn đã nhận được câu hỏi', '277808 - Quan Vân Trường: "tiền thưởng"', '2021-06-25 18:36:55', 22, 1, 998, 56, 1, 1),
	(2044, 'Câu hỏi sắp hết hạn', 'Câu hỏi BUI8X0N5 sắp hết hạn sau 1 phút nữa! Bạn dành ít phút để trả lời nhé', '2021-06-25 18:37:00', 22, 1, 993, 56, 1, 3),
	(2045, 'Bạn đã nhận được câu hỏi', 'AAFFDD - Sơn Lò Văn: "Tiền kpi"', '2021-06-25 18:37:59', 22, 1, 999, 56, 1, 1),
	(2046, 'Câu hỏi đã hết hạn', 'Câu hỏi BUI8X0N5 đã hết hạn. Bạn không thể trả lời được nữa rồi!', '2021-06-25 18:38:00', 22, 1, 993, 56, 1, 4),
	(2047, 'Không nhận được phản hồi', 'Vì lý do khách quan, câu hỏi BUI8X0N5 của bạn chưa nhận được phản hồi. Đừng lo lắng, hãy đặt lại câu hỏi với VTHero nhé!', '2021-06-25 18:38:00', 21, 1, 993, 56, 2, 5),
	(2048, 'Bạn đã nhận được câu hỏi', '276101 - Nguyễn Phương Hằng: "Luan demo 18h42"', '2021-06-25 18:42:09', 22, 1, 1000, 56, 1, 1),
	(2049, 'Bạn đã nhận được phản hồi', 'Câu hỏi V5MWLL4H: "trả lời 22".', '2021-06-25 18:43:07', 22, 1, 988, 78, 2, 2),
	(2050, 'Câu hỏi sắp hết hạn', 'Câu hỏi TZTKFS06 sắp hết hạn sau 2 phút nữa! Bạn dành ít phút để trả lời nhé', '2021-06-25 18:46:00', 22, 1, 1000, 56, 1, 3),
	(2053, 'Câu hỏi đã hết hạn', 'Câu hỏi TZTKFS06 đã hết hạn. Bạn không thể trả lời được nữa rồi!', '2021-06-25 18:53:00', 22, 1, 1000, 56, 1, 4),
	(2054, 'Không nhận được phản hồi', 'Vì lý do khách quan, câu hỏi TZTKFS06 của bạn chưa nhận được phản hồi. Đừng lo lắng, hãy đặt lại câu hỏi với VTHero nhé!', '2021-06-25 18:53:00', 24, 0, 1000, 56, 2, 5),
	(2055, 'Bạn đã nhận được câu hỏi', '277896 - Nguyễn Thị Xuyến: "Công ty có chính sách gì cho nhân viên khi chuyển sang làm nhân viên sale"', '2021-06-26 10:09:08', 24, 1, 1001, 73, 1, 1),
	(2056, 'Câu hỏi sắp hết hạn', 'Câu hỏi T5WFBHF9 sắp hết hạn sau 58 phút nữa! Bạn dành ít phút để trả lời nhé', '2021-06-26 10:11:00', 24, 1, 1001, 73, 1, 3),
	(2057, 'Bạn đã nhận được câu hỏi', '277896 - Nguyễn Thị Xuyến: "Lương tháng của nhân viên sale là bao nhiêu ăn?em đang có nhu cầu chuyển sang làm nhân viên sale "', '2021-06-26 10:20:18', 24, 1, 1002, 73, 1, 1),
	(2058, 'Bạn đã nhận được câu hỏi', '277896 - Nguyễn Thị Xuyến: "Tôi đặt câu hỏi thứ 3 về sale & marketing"', '2021-06-26 10:25:19', 24, 1, 1003, 73, 1, 1),
	(2060, 'Bạn đã nhận được câu hỏi', '277896 - Nguyễn Thị Xuyến: "Que trinh sale @13"', '2021-06-26 10:44:08', 24, 1, 1005, 73, 1, 1),
	(2061, 'Bạn đã nhận được câu hỏi', '277896 - Nguyễn Thị Xuyến: "Câu hỏi chứa các ký tự đặc biệt 13374747;!!;₫:!:&/!/!:!:!:!:"', '2021-06-26 10:46:13', 24, 1, 1006, 73, 1, 1),
	(2062, 'Câu hỏi đã hết hạn', 'Câu hỏi T5WFBHF9 đã hết hạn. Bạn không thể trả lời được nữa rồi!', '2021-06-26 11:09:00', 24, 1, 1001, 73, 1, 4),
	(2063, 'Không nhận được phản hồi', 'Vì lý do khách quan, câu hỏi T5WFBHF9 của bạn chưa nhận được phản hồi. Đừng lo lắng, hãy đặt lại câu hỏi với VTHero nhé!', '2021-06-26 11:09:00', 22, 1, 1001, 73, 2, 5),
	(2064, 'Bạn đã nhận được phản hồi', 'Câu hỏi FVJZR3NG: "Tôi xin trả lời như sau: có 5 quy trình sale.bạn lên trang www.thongtin để tham khảo nhé".', '2021-06-26 11:21:52', 22, 1, 1005, 73, 2, 2),
	(2065, 'Bạn đã nhận được câu hỏi', '276101 - Nguyễn Phương Hằng: "Tự đặt cho chính user 24"', '2021-06-26 11:41:05', 24, 1, 1007, 73, 1, 1),
	(2068, 'Bạn đã nhận được câu hỏi', '277896 - Nguyễn Thị Xuyến: "Tôi đặt câu hỏi thứ 4"', '2021-06-26 12:39:03', 8, 1, 1004, NULL, 1, 1),
	(2069, 'Bạn đã nhận được câu hỏi', '277896 - Nguyễn Thị Xuyến: "Tôi đặt câu hỏi thứ 4"', '2021-06-26 12:39:03', 9, 1, 1004, NULL, 1, 1),
	(2070, 'Bạn đã nhận được câu hỏi', '276101 - Nguyễn Phương Hằng: "Tôi muốn tự đặt câu hỏi cho chính phòng ban của mình"', '2021-06-26 16:29:49', 24, 0, 1008, 73, 1, 1),
	(2071, 'Bạn đã nhận được câu hỏi', '276101 - Nguyễn Phương Hằng: "Tôi muốn tự đặt câu hỏi cho chính phòng ban của mình"', '2021-06-26 16:29:49', 22, 1, 1008, 73, 1, 1),
	(2072, 'Bạn đã nhận được câu hỏi', '276101 - Nguyễn Phương Hằng: "Công ty có đang tuyển nhân viên sale không"', '2021-06-26 16:34:27', 24, 0, 1009, 73, 1, 1),
	(2073, 'Bạn đã nhận được câu hỏi', '276101 - Nguyễn Phương Hằng: "Công ty có đang tuyển nhân viên sale không"', '2021-06-26 16:34:27', 22, 1, 1009, 73, 1, 1),
	(2074, 'Bạn đã nhận được phản hồi', 'Câu hỏi VO4G102S: "Có chứ. Bạn  muốn ứng tuyển không".', '2021-06-26 16:36:14', 24, 0, 1009, 73, 2, 2),
	(2075, 'Bạn đã nhận được câu hỏi', '276101 - Nguyễn Phương Hằng: "Cùng gửi câu hỏi đến phòng ban"', '2021-06-26 17:14:38', 24, 0, 1010, 73, 1, 1),
	(2076, 'Bạn đã nhận được câu hỏi', '276101 - Nguyễn Phương Hằng: "Cùng gửi câu hỏi đến phòng ban"', '2021-06-26 17:14:38', 22, 1, 1010, 73, 1, 1),
	(2077, 'Bạn đã nhận được câu hỏi', 'ADADDA - Nguyễn Văn A: "Cùng gửi câu hỏi đến phòng ban"', '2021-06-26 17:14:38', 24, 0, 1011, 73, 1, 1),
	(2078, 'Bạn đã nhận được câu hỏi', 'ADADDA - Nguyễn Văn A: "Cùng gửi câu hỏi đến phòng ban"', '2021-06-26 17:14:38', 22, 0, 1011, 73, 1, 1),
	(2079, 'Bạn đã nhận được câu hỏi', 'ADADDA - Nguyễn Văn A: "Đặt lại câu hỏi"', '2021-06-26 17:18:09', 24, 0, 1012, 73, 1, 1),
	(2080, 'Bạn đã nhận được câu hỏi', 'ADADDA - Nguyễn Văn A: "Đặt lại câu hỏi"', '2021-06-26 17:18:09', 22, 1, 1012, 73, 1, 1),
	(2081, 'Bạn đã nhận được câu hỏi', 'ADADDA - Nguyễn Văn A: "Cùng đặt 1 câu giống nhau"', '2021-06-26 17:38:17', 24, 0, 1013, 73, 1, 1),
	(2082, 'Bạn đã nhận được câu hỏi', 'ADADDA - Nguyễn Văn A: "Cùng đặt 1 câu giống nhau"', '2021-06-26 17:38:17', 22, 1, 1013, 73, 1, 1),
	(2083, 'Bạn đã nhận được câu hỏi', 'AAFFDD - Sơn Lò Văn: "Cùng đặt 1 câu giống nhau"', '2021-06-26 17:38:19', 24, 0, 1014, 73, 1, 1),
	(2084, 'Bạn đã nhận được câu hỏi', 'AAFFDD - Sơn Lò Văn: "Cùng đặt 1 câu giống nhau"', '2021-06-26 17:38:19', 22, 1, 1014, 73, 1, 1),
	(2085, 'Bạn đã nhận được phản hồi', 'Câu hỏi LOZW9FZN: "hello".', '2021-06-28 08:33:04', 21, 1, 994, 78, 2, 2),
	(2086, 'Bạn đã nhận được phản hồi', 'Câu hỏi OOYEQN39: "hello".', '2021-06-28 08:34:14', 21, 0, 991, 78, 2, 2),
	(2087, 'Bạn đã nhận được câu hỏi', 'AAFFDD - Sơn Lò Văn: "Thủ tục làm giảm trừ gia cảnh như thế nào"', '2021-06-28 09:09:58', 24, 0, 1015, 73, 1, 1),
	(2088, 'Câu hỏi sắp hết hạn', 'Câu hỏi CQFAM73D sắp hết hạn sau 2 phút nữa! Bạn dành ít phút để trả lời nhé', '2021-06-28 09:14:00', 24, 0, 1015, 73, 1, 3),
	(2089, 'Câu hỏi sắp hết hạn', 'Câu hỏi CQFAM73D sắp hết hạn sau 2 phút nữa! Bạn dành ít phút để trả lời nhé', '2021-06-28 09:14:00', 22, 1, 1015, 73, 1, 3),
	(2090, 'Câu hỏi đã hết hạn', 'Câu hỏi CQFAM73D đã hết hạn. Bạn không thể trả lời được nữa rồi!', '2021-06-28 09:16:00', 24, 0, 1015, 73, 1, 4),
	(2091, 'Câu hỏi đã hết hạn', 'Câu hỏi CQFAM73D đã hết hạn. Bạn không thể trả lời được nữa rồi!', '2021-06-28 09:16:00', 22, 1, 1015, 73, 1, 4),
	(2092, 'Không nhận được phản hồi', 'Vì lý do khách quan, câu hỏi CQFAM73D của bạn chưa nhận được phản hồi. Đừng lo lắng, hãy đặt lại câu hỏi với VTHero nhé!', '2021-06-28 09:16:00', 21, 0, 1015, 73, 2, 5),
	(2093, 'Bạn đã nhận được câu hỏi', 'AAFFDD - Sơn Lò Văn: "Thủ tục nhận trợ cấp thai sản như thế nào"', '2021-06-28 09:37:30', 24, 1, 1016, 73, 1, 1),
	(2094, 'Bạn đã nhận được câu hỏi', 'AAFFDD - Sơn Lò Văn: "Thủ tục nhận trợ cấp thai sản như thế nào"', '2021-06-28 09:37:30', 22, 1, 1016, 73, 1, 1),
	(2095, 'Câu hỏi sắp hết hạn', 'Câu hỏi MNQ9ILQB sắp hết hạn sau 2 phút nữa! Bạn dành ít phút để trả lời nhé', '2021-06-28 09:42:00', 24, 1, 1016, 73, 1, 3),
	(2096, 'Câu hỏi sắp hết hạn', 'Câu hỏi MNQ9ILQB sắp hết hạn sau 2 phút nữa! Bạn dành ít phút để trả lời nhé', '2021-06-28 09:42:00', 22, 1, 1016, 73, 1, 3),
	(2097, 'Câu hỏi đã hết hạn', 'Câu hỏi MNQ9ILQB đã hết hạn. Bạn không thể trả lời được nữa rồi!', '2021-06-28 09:44:00', 24, 1, 1016, 73, 1, 4),
	(2098, 'Câu hỏi đã hết hạn', 'Câu hỏi MNQ9ILQB đã hết hạn. Bạn không thể trả lời được nữa rồi!', '2021-06-28 09:44:00', 22, 1, 1016, 73, 1, 4),
	(2099, 'Không nhận được phản hồi', 'Vì lý do khách quan, câu hỏi MNQ9ILQB của bạn chưa nhận được phản hồi. Đừng lo lắng, hãy đặt lại câu hỏi với VTHero nhé!', '2021-06-28 09:44:00', 21, 1, 1016, 73, 2, 5),
	(2101, 'Bạn đã nhận được câu hỏi', 'AAFFDD - Sơn Lò Văn: "Thủ tục nhận hỗ trợ dịch covid 19 như thế nào"', '2021-06-28 09:58:09', 22, 0, 1017, 48, 1, 1),
	(2102, 'Câu hỏi sắp hết hạn', 'Câu hỏi Q2PEJBOZ sắp hết hạn sau 2 phút nữa! Bạn dành ít phút để trả lời nhé', '2021-06-28 10:03:00', 22, 0, 1017, 48, 1, 3),
	(2103, 'Câu hỏi đã hết hạn', 'Câu hỏi Q2PEJBOZ đã hết hạn. Bạn không thể trả lời được nữa rồi!', '2021-06-28 10:05:00', 22, 0, 1017, 48, 1, 4),
	(2104, 'Không nhận được phản hồi', 'Vì lý do khách quan, câu hỏi Q2PEJBOZ của bạn chưa nhận được phản hồi. Đừng lo lắng, hãy đặt lại câu hỏi với VTHero nhé!', '2021-06-28 10:05:00', 21, 0, 1017, 48, 2, 5),
	(2107, 'Bạn đã nhận được câu hỏi', 'AAFFDD - Sơn Lò Văn: "Thủ tục làm lại thẻ nhân viên như thế nào"', '2021-06-28 10:23:03', 22, 0, 1018, 48, 1, 1),
	(2108, 'Câu hỏi sắp hết hạn', 'Câu hỏi R2TET06A sắp hết hạn sau 2 phút nữa! Bạn dành ít phút để trả lời nhé', '2021-06-28 10:28:00', 22, 0, 1018, 48, 1, 3),
	(2109, 'Câu hỏi đã hết hạn', 'Câu hỏi R2TET06A đã hết hạn. Bạn không thể trả lời được nữa rồi!', '2021-06-28 10:30:00', 22, 0, 1018, 48, 1, 4),
	(2110, 'Không nhận được phản hồi', 'Vì lý do khách quan, câu hỏi R2TET06A của bạn chưa nhận được phản hồi. Đừng lo lắng, hãy đặt lại câu hỏi với VTMan Hero nhé!', '2021-06-28 10:30:00', 21, 0, 1018, 48, 2, 5),
	(2111, 'Bạn đã nhận được câu hỏi', 'ADADDA - Nguyễn Văn A: "Chế độ giờ làm con nhỏ như thế nào"', '2021-06-28 10:36:29', 24, 0, 1019, 73, 1, 1),
	(2112, 'Câu hỏi sắp hết hạn', 'Câu hỏi 891QWWLW sắp hết hạn sau 2 phút nữa! Bạn dành ít phút để trả lời nhé', '2021-06-28 10:41:00', 24, 1, 1019, 73, 1, 3),
	(2113, 'Câu hỏi đã hết hạn', 'Câu hỏi 891QWWLW đã hết hạn. Bạn không thể trả lời được nữa rồi!', '2021-06-28 10:43:00', 24, 1, 1019, 73, 1, 4),
	(2114, 'Không nhận được phản hồi', 'Vì lý do khách quan, câu hỏi 891QWWLW của bạn chưa nhận được phản hồi. Đừng lo lắng, hãy đặt lại câu hỏi với VTMan Hero nhé!', '2021-06-28 10:43:00', 22, 0, 1019, 73, 2, 5),
	(2115, 'Bạn đã nhận được phản hồi', 'Câu hỏi 891QWWLW: "Nghỉ".', '2021-06-28 10:47:01', 22, 0, 1019, 73, 2, 2),
	(2116, 'Bạn đã nhận được phản hồi', 'Câu hỏi DMTNIR0Q: "hello".', '2021-06-28 10:48:37', 24, 0, 1010, 73, 2, 2),
	(2117, 'Bạn đã nhận được phản hồi', 'Câu hỏi DMTNIR0Q: "hello".', '2021-06-28 10:51:02', 24, 1, 1010, 73, 2, 2),
	(2118, 'Bạn đã nhận được câu hỏi', '276101 - Nguyễn Phương Hằng: "Thời gian tính giờ làm thêm như thế nào"', '2021-06-28 10:52:28', 22, 0, 1020, 48, 1, 1),
	(2119, 'Bạn đã nhận được phản hồi', 'Câu hỏi DMTNIR0Q: "hello".', '2021-06-28 10:52:36', 24, 0, 1010, 73, 2, 2),
	(2120, 'Bạn đã nhận được phản hồi', 'Câu hỏi 3GGLSDL5: "hello".', '2021-06-28 11:03:31', 24, 1, 1008, 73, 2, 2),
	(2121, 'Bạn đã nhận được phản hồi', 'Câu hỏi UUO9JAXM: "Trả lời nhé".', '2021-06-28 11:05:29', 24, 1, 1020, 48, 2, 2),
	(2122, 'Bạn đã nhận được câu hỏi', 'AAFFDD - Sơn Lò Văn: "Cho tôi hỏi lịch nghỉ tết nguyên đán"', '2021-06-28 11:08:53', 24, 0, 1021, 73, 1, 1),
	(2126, 'Bạn đã nhận được câu hỏi', 'AAFFDD - Sơn Lò Văn: "Lịch trực tết nguyên đán như thế nào"', '2021-06-28 11:50:17', 24, 0, 1024, 73, 1, 1),
	(2128, 'Bạn đã nhận được câu hỏi', 'AAFFDD - Sơn Lò Văn: "Thời gian nghỉ ốm tối đa bao nhiêu ngày"', '2021-06-28 11:57:48', 22, 0, 1025, 48, 1, 1),
	(2133, 'Bạn đã nhận được câu hỏi', 'AAFFDD - Sơn Lò Văn: "Chính sách hỗ trợ cho nhân viên ở xa như thế nào"', '2021-06-28 12:04:11', 24, 1, 1028, 73, 1, 1),
	(2134, 'Bạn đã nhận được câu hỏi', 'AAFFDD - Sơn Lò Văn: "Lichj nghỉ mát năm nay như thế nào"', '2021-06-28 12:09:19', 24, 1, 1029, 73, 1, 1),
	(2147, 'Bạn đã nhận được câu hỏi', 'AAFFDD - Sơn Lò Văn: "Hỏi chế độ nghỉ mát"', '2021-06-30 10:23:03', 24, 1, 1030, 73, 1, 1),
	(2148, 'Bạn đã nhận được phản hồi', 'Câu hỏi 35XQ3J76: "Tháng 7 hàng năm".', '2021-06-30 10:24:05', 21, 1, 1030, 73, 2, 2),
	(2149, 'Bạn đã nhận được câu hỏi', 'AAFFDD - Sơn Lò Văn: "Chế độ hẫu mãi noel"', '2021-06-30 10:26:13', 24, 1, 1031, 73, 1, 1),
	(2150, 'Bạn đã nhận được phản hồi', 'Câu hỏi DHDAPPX4: "Khuyến mãi 50%".', '2021-06-30 10:27:16', 21, 1, 1031, 73, 2, 2),
	(2161, 'Bạn đã nhận được câu hỏi', 'AAFFDD - Sơn Lò Văn: "Sale tháng 7"', '2021-06-30 11:12:44', 24, 1, 1032, 73, 1, 1),
	(2162, 'Bạn đã nhận được phản hồi', 'Câu hỏi T0PHSYIX: "50 % nha".', '2021-06-30 11:13:15', 21, 1, 1032, 73, 2, 2),
	(2193, 'Bạn đã nhận được câu hỏi', '276101 - Nguyễn Phương Hằng: "Quy trình test"', '2021-06-30 14:29:17', 22, 0, 1053, 48, 1, 1),
	(2194, 'Bạn đã nhận được phản hồi', 'Câu hỏi B92DRM5O: "Theo tc".', '2021-06-30 14:30:10', 24, 0, 1053, 48, 2, 2),
	(2195, 'Bạn đã nhận được câu hỏi', 'ADADDA - Nguyễn Văn A: "Sale tháng 9"', '2021-06-30 14:33:09', 24, 1, 1054, 73, 1, 1),
	(2196, 'Bạn đã nhận được câu hỏi', 'ADADDA - Nguyễn Văn A: "Sale tháng 10"', '2021-06-30 14:37:24', 24, 1, 1055, 73, 1, 1),
	(2197, 'Câu hỏi sắp hết hạn', 'Câu hỏi 4TQOX2ET sắp hết hạn sau 2 phút nữa! Bạn dành ít phút để trả lời nhé', '2021-06-30 14:38:00', 24, 0, 1054, 73, 1, 3),
	(2200, 'Câu hỏi đã hết hạn', 'Câu hỏi 4TQOX2ET đã hết hạn. Bạn không thể trả lời được nữa rồi!', '2021-06-30 14:40:00', 24, 1, 1054, 73, 1, 4),
	(2201, 'Không nhận được phản hồi', 'Vì lý do khách quan, câu hỏi 4TQOX2ET của bạn chưa nhận được phản hồi. Đừng lo lắng, hãy đặt lại câu hỏi với VTMan Hero nhé!', '2021-06-30 14:40:00', 22, 0, 1054, 73, 2, 5),
	(2203, 'Câu hỏi sắp hết hạn', 'Câu hỏi DO1SM8LY sắp hết hạn sau 2 phút nữa! Bạn dành ít phút để trả lời nhé', '2021-06-30 14:42:00', 24, 1, 1055, 73, 1, 3),
	(2206, 'Câu hỏi đã hết hạn', 'Câu hỏi DO1SM8LY đã hết hạn. Bạn không thể trả lời được nữa rồi!', '2021-06-30 14:44:00', 24, 0, 1055, 73, 1, 4),
	(2207, 'Không nhận được phản hồi', 'Vì lý do khách quan, câu hỏi DO1SM8LY của bạn chưa nhận được phản hồi. Đừng lo lắng, hãy đặt lại câu hỏi với VTMan Hero nhé!', '2021-06-30 14:44:00', 22, 0, 1055, 73, 2, 5),
	(2209, 'Bạn đã nhận được câu hỏi', 'ADADDA - Nguyễn Văn A: "Sale tháng 1"', '2021-06-30 14:47:08', 24, 1, 1062, 73, 1, 1),
	(2213, 'Câu hỏi sắp hết hạn', 'Câu hỏi 0FN08CHL sắp hết hạn sau 2 phút nữa! Bạn dành ít phút để trả lời nhé', '2021-06-30 14:52:00', 24, 1, 1062, 73, 1, 3),
	(2216, 'Câu hỏi đã hết hạn', 'Câu hỏi 0FN08CHL đã hết hạn. Bạn không thể trả lời được nữa rồi!', '2021-06-30 14:54:00', 24, 1, 1062, 73, 1, 4),
	(2217, 'Không nhận được phản hồi', 'Vì lý do khách quan, câu hỏi 0FN08CHL của bạn chưa nhận được phản hồi. Đừng lo lắng, hãy đặt lại câu hỏi với VTMan Hero nhé!', '2021-06-30 14:54:00', 22, 0, 1062, 73, 2, 5),
	(2223, 'Bạn đã nhận được câu hỏi', 'ADADDA - Nguyễn Văn A: "Sale tháng 6"', '2021-06-30 15:34:03', 24, 1, 1065, 73, 1, 1),
	(2224, 'Bạn đã nhận được câu hỏi', 'ADADDA - Nguyễn Văn A: "Sale tháng 9"', '2021-06-30 15:35:30', 24, 1, 1066, 73, 1, 1),
	(2226, 'Câu hỏi sắp hết hạn', 'Câu hỏi ZZ9TCYLQ sắp hết hạn sau 2 phút nữa! Bạn dành ít phút để trả lời nhé', '2021-06-30 15:39:00', 24, 1, 1065, 73, 1, 3),
	(2227, 'Câu hỏi sắp hết hạn', 'Câu hỏi 99B0UDO0 sắp hết hạn sau 2 phút nữa! Bạn dành ít phút để trả lời nhé', '2021-06-30 15:40:00', 24, 0, 1066, 73, 1, 3),
	(2229, 'Câu hỏi đã hết hạn', 'Câu hỏi ZZ9TCYLQ đã hết hạn. Bạn không thể trả lời được nữa rồi!', '2021-06-30 15:41:00', 24, 1, 1065, 73, 1, 4),
	(2230, 'Không nhận được phản hồi', 'Vì lý do khách quan, câu hỏi ZZ9TCYLQ của bạn chưa nhận được phản hồi. Đừng lo lắng, hãy đặt lại câu hỏi với VTMan Hero nhé!', '2021-06-30 15:41:00', 22, 0, 1065, 73, 2, 5),
	(2231, 'Câu hỏi đã hết hạn', 'Câu hỏi 99B0UDO0 đã hết hạn. Bạn không thể trả lời được nữa rồi!', '2021-06-30 15:42:00', 24, 0, 1066, 73, 1, 4),
	(2232, 'Không nhận được phản hồi', 'Vì lý do khách quan, câu hỏi 99B0UDO0 của bạn chưa nhận được phản hồi. Đừng lo lắng, hãy đặt lại câu hỏi với VTMan Hero nhé!', '2021-06-30 15:42:00', 22, 0, 1066, 73, 2, 5),
	(2239, 'Bạn đã nhận được câu hỏi', 'ADADDA - Nguyễn Văn A: "Luan demo ngày 3006 lần 11"', '2021-06-30 15:56:10', 23, 1, 1070, 62, 1, 1),
	(2240, 'Câu hỏi sắp hết hạn', 'Câu hỏi 9VKZ2CPP sắp hết hạn sau 55 phút nữa! Bạn dành ít phút để trả lời nhé', '2021-06-30 16:01:00', 23, 1, 1070, 62, 1, 3),
	(2241, 'Bạn đã nhận được câu hỏi', 'AAFFDD - Sơn Lò Văn: "Sale tháng 4"', '2021-06-30 16:29:14', 24, 0, 1071, 73, 1, 1),
	(2242, 'Bạn đã nhận được phản hồi', 'Câu hỏi OH946VGK: "Ok b".', '2021-06-30 16:29:49', 21, 0, 1071, 73, 2, 2),
	(2243, 'Bạn đã nhận được câu hỏi', 'AAFFDD - Sơn Lò Văn: "Sale tháng 3"', '2021-06-30 16:33:17', 24, 0, 1072, 73, 1, 1),
	(2244, 'Bạn đã nhận được phản hồi', 'Câu hỏi 1MIE8L27: "Ok b".', '2021-06-30 16:33:49', 21, 0, 1072, 73, 2, 2),
	(2248, 'Bạn đã nhận được câu hỏi', 'AAFFDD - Sơn Lò Văn: "Sale tháng 1w"', '2021-06-30 16:45:15', 24, 0, 1074, 73, 1, 1),
	(2249, 'Bạn đã nhận được phản hồi', 'Câu hỏi 5ITRC2JA: "Ok b".', '2021-06-30 16:47:23', 21, 0, 1074, 73, 2, 2),
	(2250, 'Bạn đã nhận được câu hỏi', 'AAFFDD - Sơn Lò Văn: "Sale tháng 11"', '2021-06-30 16:49:49', 24, 0, 1075, 73, 1, 1),
	(2251, 'Bạn đã nhận được phản hồi', 'Câu hỏi WYN4022G: "Ok bbb".', '2021-06-30 16:50:17', 21, 0, 1075, 73, 2, 2),
	(2252, 'Bạn đã nhận được câu hỏi', 'AAFFDD - Sơn Lò Văn: "OK Ok OK "', '2021-06-30 16:52:40', 24, 1, 1076, 73, 1, 1),
	(2253, 'Bạn đã nhận được phản hồi', 'Câu hỏi 9WCP0CVK: "Trả lời bạn".', '2021-06-30 16:53:38', 21, 0, 1076, 73, 2, 2),
	(2254, 'Câu hỏi đã hết hạn', 'Câu hỏi 9VKZ2CPP đã hết hạn. Bạn không thể trả lời được nữa rồi!', '2021-06-30 16:56:00', 23, 1, 1070, 62, 1, 4),
	(2255, 'Không nhận được phản hồi', 'Vì lý do khách quan, câu hỏi 9VKZ2CPP của bạn chưa nhận được phản hồi. Đừng lo lắng, hãy đặt lại câu hỏi với VTMan Hero nhé!', '2021-06-30 16:56:00', 22, 0, 1070, 62, 2, 5),
	(2257, 'Bạn đã nhận được câu hỏi', 'AAFFDD - Sơn Lò Văn: "ok em ok em"', '2021-06-30 17:02:21', 24, 0, 1078, 73, 1, 1),
	(2258, 'Bạn đã nhận được phản hồi', 'Câu hỏi OTO9BVAK: "Ok em".', '2021-06-30 17:02:51', 21, 0, 1078, 73, 2, 2),
	(2259, 'Bạn đã nhận được câu hỏi', 'AAFFDD - Sơn Lò Văn: "Hỏi thời gian làm thẻ nhân viên bao lâu thì nhận được"', '2021-06-30 17:10:22', 22, 0, 1079, 48, 1, 1),
	(2260, 'Câu hỏi sắp hết hạn', 'Câu hỏi E7M26CA7 sắp hết hạn sau 2 phút nữa! Bạn dành ít phút để trả lời nhé', '2021-06-30 17:15:00', 22, 0, 1079, 48, 1, 3),
	(2261, 'Câu hỏi đã hết hạn', 'Câu hỏi E7M26CA7 đã hết hạn. Bạn không thể trả lời được nữa rồi!', '2021-06-30 17:17:00', 22, 0, 1079, 48, 1, 4),
	(2262, 'Không nhận được phản hồi', 'Vì lý do khách quan, câu hỏi E7M26CA7 của bạn chưa nhận được phản hồi. Đừng lo lắng, hãy đặt lại câu hỏi với VTMan Hero nhé!', '2021-06-30 17:17:00', 21, 0, 1079, 48, 2, 5),
	(2263, 'Bạn đã nhận được câu hỏi', 'AAFFDD - Sơn Lò Văn: "Hỏi để check thông báo sáng mai"', '2021-06-30 17:31:34', 24, 1, 1080, 73, 1, 1),
	(2264, 'Câu hỏi sắp hết hạn', 'Câu hỏi Q3CW87VX sắp hết hạn sau 2 phút nữa! Bạn dành ít phút để trả lời nhé', '2021-06-30 17:49:00', 24, 1, 1080, 73, 1, 3),
	(2265, 'Câu hỏi đã hết hạn', 'Câu hỏi Q3CW87VX đã hết hạn. Bạn không thể trả lời được nữa rồi!', '2021-06-30 17:51:00', 24, 1, 1080, 73, 1, 4),
	(2266, 'Không nhận được phản hồi', 'Vì lý do khách quan, câu hỏi Q3CW87VX của bạn chưa nhận được phản hồi. Đừng lo lắng, hãy đặt lại câu hỏi với VTMan Hero nhé!', '2021-06-30 17:51:00', 21, 1, 1080, 73, 2, 5),
	(2267, 'Bạn đã nhận được câu hỏi', 'AAFFDD - Sơn Lò Văn: "Hỏi 22"', '2021-06-30 18:18:08', 22, 0, 1081, 48, 1, 1),
	(2268, 'Bạn đã nhận được câu hỏi', 'AAFFDD - Sơn Lò Văn: "Hỏi lại 22"', '2021-06-30 18:19:03', 22, 0, 1082, 48, 1, 1),
	(2269, 'Câu hỏi sắp hết hạn', 'Câu hỏi PPQ3BUFM sắp hết hạn sau 2 phút nữa! Bạn dành ít phút để trả lời nhé', '2021-06-30 18:21:00', 22, 0, 1081, 48, 1, 3),
	(2270, 'Câu hỏi sắp hết hạn', 'Câu hỏi 2D54TXNY sắp hết hạn sau 2 phút nữa! Bạn dành ít phút để trả lời nhé', '2021-06-30 18:22:00', 22, 0, 1082, 48, 1, 3),
	(2271, 'Câu hỏi đã hết hạn', 'Câu hỏi PPQ3BUFM đã hết hạn. Bạn không thể trả lời được nữa rồi!', '2021-06-30 18:23:00', 22, 0, 1081, 48, 1, 4),
	(2272, 'Không nhận được phản hồi', 'Vì lý do khách quan, câu hỏi PPQ3BUFM của bạn chưa nhận được phản hồi. Đừng lo lắng, hãy đặt lại câu hỏi với VTMan Hero nhé!', '2021-06-30 18:23:00', 21, 1, 1081, 48, 2, 5),
	(2273, 'Câu hỏi đã hết hạn', 'Câu hỏi 2D54TXNY đã hết hạn. Bạn không thể trả lời được nữa rồi!', '2021-06-30 18:24:00', 22, 0, 1082, 48, 1, 4),
	(2274, 'Không nhận được phản hồi', 'Vì lý do khách quan, câu hỏi 2D54TXNY của bạn chưa nhận được phản hồi. Đừng lo lắng, hãy đặt lại câu hỏi với VTMan Hero nhé!', '2021-06-30 18:24:00', 21, 1, 1082, 48, 2, 5),
	(2280, 'Bạn đã nhận được câu hỏi', 'AAFFDD - Sơn Lò Văn: "Hỏi 22"', '2021-06-30 18:45:25', 24, 0, 1085, 73, 1, 1),
	(2281, 'Bạn đã nhận được câu hỏi', 'AAFFDD - Sơn Lò Văn: "Hỏi 22"', '2021-06-30 18:45:25', 24, 0, 1085, 73, 1, 1),
	(2282, 'Câu hỏi sắp hết hạn', 'Câu hỏi AVWA71O0 sắp hết hạn sau 2 phút nữa! Bạn dành ít phút để trả lời nhé', '2021-06-30 18:48:00', 24, 0, 1085, 73, 1, 3),
	(2283, 'Câu hỏi đã hết hạn', 'Câu hỏi AVWA71O0 đã hết hạn. Bạn không thể trả lời được nữa rồi!', '2021-06-30 18:50:00', 24, 0, 1085, 73, 1, 4),
	(2284, 'Không nhận được phản hồi', 'Vì lý do khách quan, câu hỏi AVWA71O0 của bạn chưa nhận được phản hồi. Đừng lo lắng, hãy đặt lại câu hỏi với VTMan Hero nhé!', '2021-06-30 18:50:00', 21, 1, 1085, 73, 2, 5),
	(2286, 'Bạn đã nhận được câu hỏi', 'AAFFDD - Sơn Lò Văn: "Câu 1"', '2021-06-30 18:51:11', 22, 0, 1087, 48, 1, 1),
	(2288, 'Bạn đã nhận được câu hỏi', '276101 - Nguyễn Phương Hằng: "Sale 12"', '2021-06-30 18:52:45', 27, 1, 1088, 126, 1, 1),
	(2289, 'Bạn đã nhận được câu hỏi', '276101 - Nguyễn Phương Hằng: "Sale 12"', '2021-06-30 18:52:44', 27, 1, 1088, 126, 1, 1),
	(2291, 'Câu hỏi sắp hết hạn', 'Câu hỏi N5II0E97 sắp hết hạn sau 2 phút nữa! Bạn dành ít phút để trả lời nhé', '2021-06-30 18:54:00', 22, 0, 1087, 48, 1, 3),
	(2293, 'Câu hỏi sắp hết hạn', 'Câu hỏi PKJ9JA43 sắp hết hạn sau 2 phút nữa! Bạn dành ít phút để trả lời nhé', '2021-06-30 18:55:00', 27, 1, 1088, 126, 1, 3),
	(2294, 'Bạn đã nhận được câu hỏi', '276101 - Nguyễn Phương Hằng: "Sale 11"', '2021-06-30 18:55:27', 22, 0, 1089, 48, 1, 1),
	(2295, 'Câu hỏi đã hết hạn', 'Câu hỏi N5II0E97 đã hết hạn. Bạn không thể trả lời được nữa rồi!', '2021-06-30 18:56:00', 22, 0, 1087, 48, 1, 4),
	(2296, 'Không nhận được phản hồi', 'Vì lý do khách quan, câu hỏi N5II0E97 của bạn chưa nhận được phản hồi. Đừng lo lắng, hãy đặt lại câu hỏi với VTMan Hero nhé!', '2021-06-30 18:56:00', 21, 1, 1087, 48, 2, 5),
	(2297, 'Câu hỏi đã hết hạn', 'Câu hỏi PKJ9JA43 đã hết hạn. Bạn không thể trả lời được nữa rồi!', '2021-06-30 18:57:00', 27, 1, 1088, 126, 1, 4),
	(2298, 'Không nhận được phản hồi', 'Vì lý do khách quan, câu hỏi PKJ9JA43 của bạn chưa nhận được phản hồi. Đừng lo lắng, hãy đặt lại câu hỏi với VTMan Hero nhé!', '2021-06-30 18:57:00', 24, 0, 1088, 126, 2, 5),
	(2299, 'Bạn đã nhận được câu hỏi', 'AAFFDD - Sơn Lò Văn: "Test thông báo"', '2021-06-30 18:57:28', 8, 1, 1086, 164, 1, 1),
	(2300, 'Câu hỏi sắp hết hạn', 'Câu hỏi OU5EQ9KV sắp hết hạn sau 2 phút nữa! Bạn dành ít phút để trả lời nhé', '2021-06-30 18:58:00', 22, 0, 1089, 48, 1, 3),
	(2301, 'Câu hỏi đã hết hạn', 'Câu hỏi OU5EQ9KV đã hết hạn. Bạn không thể trả lời được nữa rồi!', '2021-06-30 19:00:00', 22, 0, 1089, 48, 1, 4),
	(2302, 'Không nhận được phản hồi', 'Vì lý do khách quan, câu hỏi OU5EQ9KV của bạn chưa nhận được phản hồi. Đừng lo lắng, hãy đặt lại câu hỏi với VTMan Hero nhé!', '2021-06-30 19:00:00', 24, 0, 1089, 48, 2, 5),
	(2303, 'Bạn đã nhận được câu hỏi', 'AAFFDD - Sơn Lò Văn: "Câu abc"', '2021-06-30 19:02:42', 22, 0, 1090, 48, 1, 1),
	(2304, 'Bạn đã nhận được câu hỏi', 'AAFFDD - Sơn Lò Văn: "Câu 345"', '2021-06-30 19:03:31', 24, 0, 1091, 73, 1, 1),
	(2305, 'Câu hỏi sắp hết hạn', 'Câu hỏi ZB0HRBYD sắp hết hạn sau 2 phút nữa! Bạn dành ít phút để trả lời nhé', '2021-06-30 19:05:00', 22, 0, 1090, 48, 1, 3),
	(2306, 'Câu hỏi sắp hết hạn', 'Câu hỏi V2PF1O1H sắp hết hạn sau 2 phút nữa! Bạn dành ít phút để trả lời nhé', '2021-06-30 19:06:00', 24, 0, 1091, 73, 1, 3),
	(2307, 'Câu hỏi đã hết hạn', 'Câu hỏi ZB0HRBYD đã hết hạn. Bạn không thể trả lời được nữa rồi!', '2021-06-30 19:07:00', 22, 0, 1090, 48, 1, 4),
	(2308, 'Không nhận được phản hồi', 'Vì lý do khách quan, câu hỏi ZB0HRBYD của bạn chưa nhận được phản hồi. Đừng lo lắng, hãy đặt lại câu hỏi với VTMan Hero nhé!', '2021-06-30 19:07:00', 21, 1, 1090, 48, 2, 5),
	(2309, 'Câu hỏi đã hết hạn', 'Câu hỏi V2PF1O1H đã hết hạn. Bạn không thể trả lời được nữa rồi!', '2021-06-30 19:08:00', 24, 0, 1091, 73, 1, 4),
	(2310, 'Không nhận được phản hồi', 'Vì lý do khách quan, câu hỏi V2PF1O1H của bạn chưa nhận được phản hồi. Đừng lo lắng, hãy đặt lại câu hỏi với VTMan Hero nhé!', '2021-06-30 19:08:00', 21, 0, 1091, 73, 2, 5),
	(2311, 'Bạn đã nhận được câu hỏi', 'ADADDA - Nguyễn Văn A: "Hỏi quy trình nghiệp vụ"', '2021-06-30 19:13:13', 24, 0, 1092, 73, 1, 1),
	(2316, 'Bạn đã nhận được câu hỏi', 'AAFFDD - Sơn Lò Văn: "Luan demo ngay 3006 lan 15"', '2021-06-30 19:14:07', 25, 1, 1084, 78, 1, 1),
	(2317, 'Bạn đã nhận được câu hỏi', 'AAFFDD - Sơn Lò Văn: "Luan demo ngay 3006 lan 15"', '2021-06-30 19:14:07', 4, 1, 1084, 78, 1, 1),
	(2318, 'Câu hỏi sắp hết hạn', 'Câu hỏi YKGNCU7S sắp hết hạn sau 1 phút nữa! Bạn dành ít phút để trả lời nhé', '2021-06-30 19:15:00', 24, 1, 1092, 73, 1, 3),
	(2319, 'Câu hỏi đã hết hạn', 'Câu hỏi YKGNCU7S đã hết hạn. Bạn không thể trả lời được nữa rồi!', '2021-06-30 19:16:00', 24, 1, 1092, 73, 1, 4),
	(2320, 'Không nhận được phản hồi', 'Vì lý do khách quan, câu hỏi YKGNCU7S của bạn chưa nhận được phản hồi. Đừng lo lắng, hãy đặt lại câu hỏi với VTMan Hero nhé!', '2021-06-30 19:16:00', 22, 0, 1092, 73, 2, 5),
	(2321, 'Câu hỏi sắp hết hạn', 'Câu hỏi EOBN91HS sắp hết hạn sau 1 phút nữa! Bạn dành ít phút để trả lời nhé', '2021-06-30 19:16:00', 25, 1, 1084, 78, 1, 3),
	(2322, 'Câu hỏi sắp hết hạn', 'Câu hỏi EOBN91HS sắp hết hạn sau 1 phút nữa! Bạn dành ít phút để trả lời nhé', '2021-06-30 19:16:00', 4, 1, 1084, 78, 1, 3),
	(2323, 'Câu hỏi đã hết hạn', 'Câu hỏi EOBN91HS đã hết hạn. Bạn không thể trả lời được nữa rồi!', '2021-06-30 19:17:00', 25, 1, 1084, 78, 1, 4),
	(2324, 'Câu hỏi đã hết hạn', 'Câu hỏi EOBN91HS đã hết hạn. Bạn không thể trả lời được nữa rồi!', '2021-06-30 19:17:00', 4, 1, 1084, 78, 1, 4),
	(2325, 'Không nhận được phản hồi', 'Vì lý do khách quan, câu hỏi EOBN91HS của bạn chưa nhận được phản hồi. Đừng lo lắng, hãy đặt lại câu hỏi với VTMan Hero nhé!', '2021-06-30 19:17:00', 21, 1, 1084, 78, 2, 5),
	(2326, 'Bạn đã nhận được câu hỏi', '276101 - Nguyễn Phương Hằng: "Test abc"', '2021-06-30 19:20:49', 22, 1, 1093, 48, 1, 1),
	(2327, 'Bạn đã nhận được câu hỏi', '276101 - Nguyễn Phương Hằng: "Hỏi 123"', '2021-06-30 19:21:40', 22, 1, 1094, 48, 1, 1),
	(2328, 'Câu hỏi sắp hết hạn', 'Câu hỏi 97RO8E8E sắp hết hạn sau 1 phút nữa! Bạn dành ít phút để trả lời nhé', '2021-06-30 19:22:00', 22, 0, 1093, 48, 1, 3),
	(2329, 'Câu hỏi sắp hết hạn', 'Câu hỏi 65FQJN9L sắp hết hạn sau 1 phút nữa! Bạn dành ít phút để trả lời nhé', '2021-06-30 19:23:00', 22, 0, 1094, 48, 1, 3),
	(2330, 'Câu hỏi đã hết hạn', 'Câu hỏi 97RO8E8E đã hết hạn. Bạn không thể trả lời được nữa rồi!', '2021-06-30 19:23:00', 22, 0, 1093, 48, 1, 4),
	(2331, 'Không nhận được phản hồi', 'Vì lý do khách quan, câu hỏi 97RO8E8E của bạn chưa nhận được phản hồi. Đừng lo lắng, hãy đặt lại câu hỏi với VTMan Hero nhé!', '2021-06-30 19:23:00', 24, 1, 1093, 48, 2, 5),
	(2332, 'Bạn đã nhận được câu hỏi', '276101 - Nguyễn Phương Hằng: "Hỏi 999"', '2021-06-30 19:23:35', 22, 0, 1095, 48, 1, 1),
	(2333, 'Câu hỏi sắp hết hạn', 'Câu hỏi M0HHY28S sắp hết hạn sau 1 phút nữa! Bạn dành ít phút để trả lời nhé', '2021-06-30 19:24:00', 22, 0, 1095, 48, 1, 3),
	(2334, 'Câu hỏi đã hết hạn', 'Câu hỏi 65FQJN9L đã hết hạn. Bạn không thể trả lời được nữa rồi!', '2021-06-30 19:24:00', 22, 0, 1094, 48, 1, 4),
	(2335, 'Không nhận được phản hồi', 'Vì lý do khách quan, câu hỏi 65FQJN9L của bạn chưa nhận được phản hồi. Đừng lo lắng, hãy đặt lại câu hỏi với VTMan Hero nhé!', '2021-06-30 19:24:00', 24, 0, 1094, 48, 2, 5),
	(2336, 'Bạn đã nhận được phản hồi', 'Câu hỏi M0HHY28S: "Tl nha".', '2021-06-30 19:24:27', 24, 0, 1095, 48, 2, 2),
	(2337, 'Bạn đã nhận được câu hỏi', '276101 - Nguyễn Phương Hằng: "Hỏi lại abc"', '2021-06-30 19:34:38', 22, 0, 1096, 48, 1, 1),
	(2338, 'Câu hỏi sắp hết hạn', 'Câu hỏi ATI07JLV sắp hết hạn sau 780 phút nữa! Bạn dành ít phút để trả lời nhé', '2021-06-30 19:35:00', 22, 0, 1096, 48, 1, 3),
	(2339, 'Bạn đã nhận được phản hồi', 'Câu hỏi ATI07JLV: "Tl nha".', '2021-06-30 19:35:19', 24, 0, 1096, 48, 2, 2),
	(2340, 'Bạn đã nhận được phản hồi', 'Câu hỏi 8U31RM77: "Hhh".', '2021-06-30 19:38:38', 21, 1, 1025, 48, 2, 2),
	(2344, 'Bạn đã nhận được câu hỏi', 'AAFFDD - Sơn Lò Văn: "Tôi xin đặt câu hỏi như sau. Bạn có thế trả lời giúp tôi không 😂😂"', '2021-06-30 20:11:36', 22, 0, 1097, 48, 1, 1),
	(2345, 'Bạn đã nhận được câu hỏi', 'AAFFDD - Sơn Lò Văn: "Tôi hỏi bạn"', '2021-06-30 20:15:00', 22, 0, 1098, 48, 1, 1),
	(2346, 'Bạn đã nhận được câu hỏi', 'AAFFDD - Sơn Lò Văn: "Đóng câu hỏi"', '2021-06-30 20:18:34', 22, 0, 1099, 48, 1, 1),
	(2347, 'Bạn đã nhận được câu hỏi', 'AAFFDD - Sơn Lò Văn: "Chuyển tiếp câu hỏi"', '2021-06-30 20:18:58', 22, 0, 1100, 48, 1, 1),
	(2348, 'Bạn đã nhận được phản hồi', 'Câu hỏi 9V9A43X5: "Okke nhé".', '2021-06-30 20:19:38', 21, 1, 1099, 48, 2, 2),
	(2349, 'Câu hỏi sắp hết hạn', 'Câu hỏi YV4CP16C sắp hết hạn sau 3 phút nữa! Bạn dành ít phút để trả lời nhé', '2021-06-30 20:20:00', 22, 0, 1100, 48, 1, 3),
	(2350, 'Câu hỏi đã hết hạn', 'Câu hỏi YV4CP16C đã hết hạn. Bạn không thể trả lời được nữa rồi!', '2021-06-30 20:23:00', 22, 0, 1100, 48, 1, 4),
	(2351, 'Không nhận được phản hồi', 'Vì lý do khách quan, câu hỏi YV4CP16C của bạn chưa nhận được phản hồi. Đừng lo lắng, hãy đặt lại câu hỏi với VTMan Hero nhé!', '2021-06-30 20:23:00', 21, 1, 1100, 48, 2, 5),
	(2352, 'Bạn đã nhận được câu hỏi', 'AAFFDD - Sơn Lò Văn: "Quy trình code"', '2021-06-30 20:23:38', 22, 0, 1101, 48, 1, 1),
	(2353, 'Câu hỏi sắp hết hạn', 'Câu hỏi BKBS0PC8 sắp hết hạn sau 3 phút nữa! Bạn dành ít phút để trả lời nhé', '2021-06-30 20:25:00', 22, 0, 1101, 48, 1, 3),
	(2354, 'Bạn đã nhận được câu hỏi', 'AAFFDD - Sơn Lò Văn: "Out app"', '2021-06-30 20:26:14', 24, 0, 1102, 73, 1, 1),
	(2355, 'Bạn đã nhận được phản hồi', 'Câu hỏi TANYN8VN: "K bị out".', '2021-06-30 20:27:00', 21, 0, 1102, 73, 2, 2),
	(2356, 'Câu hỏi đã hết hạn', 'Câu hỏi BKBS0PC8 đã hết hạn. Bạn không thể trả lời được nữa rồi!', '2021-06-30 20:28:00', 22, 0, 1101, 48, 1, 4),
	(2357, 'Không nhận được phản hồi', 'Vì lý do khách quan, câu hỏi BKBS0PC8 của bạn chưa nhận được phản hồi. Đừng lo lắng, hãy đặt lại câu hỏi với VTMan Hero nhé!', '2021-06-30 20:28:00', 21, 0, 1101, 48, 2, 5),
	(2358, 'Bạn đã nhận được câu hỏi', '276101 - Nguyễn Phương Hằng: "Popup đánh giá"', '2021-06-30 20:30:00', 22, 0, 1103, 48, 1, 1),
	(2359, 'Bạn đã nhận được phản hồi', 'Câu hỏi K353T012: "ok em".', '2021-06-30 20:30:31', 22, 0, 1012, 73, 2, 2),
	(2360, 'Bạn đã nhận được phản hồi', 'Câu hỏi V27WJ12Y: "Haha. Đánh giá đi".', '2021-06-30 20:30:37', 24, 0, 1103, 48, 2, 2),
	(2361, 'Bạn đã nhận được câu hỏi', 'AAFFDD - Sơn Lò Văn: "Sale 10"', '2021-06-30 20:36:36', 24, 0, 1104, 73, 1, 1),
	(2362, 'Bạn đã nhận được phản hồi', 'Câu hỏi G3MO65ZG: "Ok b".', '2021-06-30 20:38:02', 21, 0, 1104, 73, 2, 2),
	(2363, 'Câu hỏi sắp hết hạn', 'Câu hỏi G3MO65ZG sắp hết hạn sau 3 phút nữa! Bạn dành ít phút để trả lời nhé', '2021-06-30 20:38:00', 24, 0, 1104, 73, 1, 3),
	(2364, 'Bạn đã nhận được câu hỏi', '276101 - Nguyễn Phương Hằng: "Luan demo ngay 3006 lan 16"', '2021-06-30 20:39:35', 22, 1, 1105, 48, 1, 1),
	(2365, 'Bạn đã nhận được câu hỏi', 'AAFFDD - Sơn Lò Văn: "Chuyển tiếp"', '2021-06-30 20:40:08', 22, 1, 1106, 48, 1, 1),
	(2366, 'Bạn đã nhận được phản hồi', 'Câu hỏi L2ZU2HY2: "Ok b".', '2021-06-30 20:40:57', 24, 0, 1105, 48, 2, 2),
	(2368, 'Bạn đã nhận được câu hỏi', 'AAFFDD - Sơn Lò Văn: "Chuyển tiếp e"', '2021-06-30 20:43:23', 22, 0, 1107, 48, 1, 1),
	(2369, 'Bạn đã nhận được câu hỏi', 'ADADDA - Nguyễn Văn A: "Luan demo ngay 3006 9h toi"', '2021-06-30 20:55:57', 24, 0, 1108, 73, 1, 1),
	(2370, 'Bạn đã nhận được phản hồi', 'Câu hỏi ZJQYM940: "ok ok".', '2021-06-30 20:56:37', 22, 0, 1108, 73, 2, 2),
	(2371, 'Bạn đã nhận được câu hỏi', '276101 - Nguyễn Phương Hằng: "ok ok "', '2021-06-30 20:59:51', 22, 0, 1109, 48, 1, 1),
	(2372, 'Bạn đã nhận được phản hồi', 'Câu hỏi K40SGDP0: "Luan tra loi".', '2021-06-30 21:00:17', 24, 0, 1109, 48, 2, 2),
	(2373, 'Bạn đã nhận được câu hỏi', '276101 - Nguyễn Phương Hằng: "ok ok"', '2021-06-30 21:12:42', 1, 1, 1110, 56, 1, 1),
	(2374, 'Bạn đã nhận được câu hỏi', '276101 - Nguyễn Phương Hằng: "ok ok"', '2021-06-30 21:14:19', 22, 0, 1111, 48, 1, 1),
	(2375, 'Bạn đã nhận được phản hồi', 'Câu hỏi HKVMT97X: "Tra loi".', '2021-06-30 21:14:43', 24, 0, 1111, 48, 2, 2),
	(2380, 'Bạn đã nhận được câu hỏi', '276101 - Nguyễn Phương Hằng: "ok ok"', '2021-06-30 21:25:38', 22, 0, 1114, 48, 1, 1),
	(2381, 'Bạn đã nhận được phản hồi', 'Câu hỏi SW238WDY: "Tra loi lan 3".', '2021-06-30 21:25:54', 24, 0, 1114, 48, 2, 2),
	(2382, 'Bạn đã nhận được câu hỏi', 'ADADDA - Nguyễn Văn A: "Đánh giá sale"', '2021-07-01 08:57:19', 24, 0, 1115, 73, 1, 1),
	(2383, 'Câu hỏi sắp hết hạn', 'Câu hỏi C8R4FW2V sắp hết hạn sau 3 phút nữa! Bạn dành ít phút để trả lời nhé', '2021-07-01 08:59:00', 24, 1, 1115, 73, 1, 3),
	(2384, 'Bạn đã nhận được phản hồi', 'Câu hỏi C8R4FW2V: "Đạt 5 sao".', '2021-07-01 08:59:26', 22, 0, 1115, 73, 2, 2),
	(2385, 'Bạn đã nhận được câu hỏi', '276101 - Nguyễn Phương Hằng: "Quy trình review"', '2021-07-01 09:02:20', 22, 0, 1116, 48, 1, 1),
	(2386, 'Bạn đã nhận được phản hồi', 'Câu hỏi IL3P6JHT: "Từ pm đến team".', '2021-07-01 09:03:06', 24, 0, 1116, 48, 2, 2),
	(2387, 'Bạn đã nhận được câu hỏi', '276101 - Nguyễn Phương Hằng: "Có hướng dẫn về quy trình nghiệp vụ hay không ? 😀"', '2021-07-01 09:06:14', 22, 0, 1117, 48, 1, 1),
	(2388, 'Câu hỏi sắp hết hạn', 'Câu hỏi 38VMJYCQ sắp hết hạn sau 3 phút nữa! Bạn dành ít phút để trả lời nhé', '2021-07-01 09:08:00', 22, 0, 1117, 48, 1, 3),
	(2389, 'Câu hỏi đã hết hạn', 'Câu hỏi 38VMJYCQ đã hết hạn. Bạn không thể trả lời được nữa rồi!', '2021-07-01 09:11:00', 22, 0, 1117, 48, 1, 4),
	(2390, 'Không nhận được phản hồi', 'Vì lý do khách quan, câu hỏi 38VMJYCQ của bạn chưa nhận được phản hồi. Đừng lo lắng, hãy đặt lại câu hỏi với VTMan Hero nhé!', '2021-07-01 09:11:00', 24, 1, 1117, 48, 2, 5),
	(2391, 'Bạn đã nhận được câu hỏi', 'AAFFDD - Sơn Lò Văn: "Tôi muốn hỏi thủ tục nhận trợ cấp covid"', '2021-07-01 09:18:10', 24, 0, 1118, 73, 1, 1),
	(2392, 'Bạn đã nhận được phản hồi', 'Câu hỏi 642U86T9: "20 triệu 1 tháng".', '2021-07-01 09:18:34', 21, 0, 1118, 73, 2, 2),
	(2393, 'Bạn đã nhận được câu hỏi', 'ADADFF - Nguồn test 1: "sale tháng 3"', '2021-07-01 09:21:07', 24, 1, 1119, 73, 1, 1),
	(2394, 'Câu hỏi sắp hết hạn', 'Câu hỏi YN8WSPD3 sắp hết hạn sau 3 phút nữa! Bạn dành ít phút để trả lời nhé', '2021-07-01 09:23:00', 24, 1, 1119, 73, 1, 3),
	(2395, 'Bạn đã nhận được phản hồi', 'Câu hỏi PE9OF90F: "Đầu mối 24 trả lời câu hỏi của bạn như sau. Bạn muốn hỏi thông tin như nào .có thể cung cấp thêm cho chúng tôi không".', '2021-07-01 09:23:28', 22, 0, 1011, 73, 2, 2),
	(2396, 'Bạn đã nhận được phản hồi', 'Câu hỏi YN8WSPD3: "Ok b".', '2021-07-01 09:25:02', 46, 1, 1119, 73, 2, 2),
	(2397, 'Bạn đã nhận được phản hồi', 'Câu hỏi E1BEJS2N: "xin chao tat ca moi nguoi toi ten la test nam nay 18 tuoi".', '2021-07-01 09:28:54', 21, 1, 983, 73, 2, 2),
	(2398, 'Bạn đã nhận được phản hồi', 'Câu hỏi YJQ2HIY8: "xin chao ban lich truc tet nguyen dan nhu the nao".', '2021-07-01 09:29:43', 21, 1, 1024, 73, 2, 2),
	(2399, 'Bạn đã nhận được phản hồi', 'Câu hỏi 382A418K: "lich tet nguyen dan cua ban la ngay nay :".', '2021-07-01 09:30:57', 21, 1, 1021, 73, 2, 2),
	(2400, 'Bạn đã nhận được câu hỏi', 'AAFFDD - Sơn Lò Văn: "Hỏi câu 1"', '2021-07-01 09:31:54', 22, 0, 1120, 48, 1, 1),
	(2402, 'Câu hỏi sắp hết hạn', 'Câu hỏi SLGCKXEU sắp hết hạn sau 3 phút nữa! Bạn dành ít phút để trả lời nhé', '2021-07-01 09:33:00', 22, 0, 1120, 48, 1, 3),
	(2403, 'Bạn đã nhận được câu hỏi', 'ADADFF - Nguồn test 1: "câu hỏi"', '2021-07-01 09:34:03', 24, 1, 1122, 73, 1, 1),
	(2406, 'Bạn đã nhận được câu hỏi', 'AAFFDD - Sơn Lò Văn: "Hỏi câu 2"', '2021-07-01 09:36:04', 24, 1, 1121, 73, 1, 1),
	(2407, 'Câu hỏi đã hết hạn', 'Câu hỏi SLGCKXEU đã hết hạn. Bạn không thể trả lời được nữa rồi!', '2021-07-01 09:36:00', 22, 0, 1120, 48, 1, 4),
	(2408, 'Không nhận được phản hồi', 'Vì lý do khách quan, câu hỏi SLGCKXEU của bạn chưa nhận được phản hồi. Đừng lo lắng, hãy đặt lại câu hỏi với VTMan Hero nhé!', '2021-07-01 09:36:00', 21, 1, 1120, 48, 2, 5),
	(2409, 'Bạn đã nhận được câu hỏi', 'AAFFDD - Sơn Lò Văn: "Tôi hỏi chế độ làm ot"', '2021-07-01 09:41:29', 24, 0, 1123, 73, 1, 1),
	(2410, 'Bạn đã nhận được phản hồi', 'Câu hỏi 7R6WBB3Q: "Tính theo giờ làm nhân 150%".', '2021-07-01 09:42:10', 21, 1, 1123, 73, 2, 2),
	(2411, 'Bạn đã nhận được câu hỏi', 'ADADDA - Nguyễn Văn A: "Tôi muốn đặt câu hỏi . Các bạn có thế giúp đỡ tôi không. Câu hổ như sau: về vấn để liên quan đến nghiệp vụ giao hàng nhanh hiện nay"', '2021-07-01 09:42:55', 22, 1, 1124, 48, 1, 1),
	(2412, 'Câu hỏi sắp hết hạn', 'Câu hỏi TG7X0O0M sắp hết hạn sau 3 phút nữa! Bạn dành ít phút để trả lời nhé', '2021-07-01 09:44:00', 22, 1, 1124, 48, 1, 3),
	(2413, 'Bạn đã nhận được câu hỏi', '276101 - Nguyễn Phương Hằng: "Hỏi thủ tục làm lại thẻ nhân viên"', '2021-07-01 09:44:20', 22, 0, 1125, 48, 1, 1),
	(2414, 'Bạn đã nhận được phản hồi', 'Câu hỏi D8R4L5P3: "Trả lời câu hỏi thủ thụ nhu2 sau. Gặp lễ tân để trao đổi".', '2021-07-01 09:45:16', 24, 0, 1125, 48, 2, 2),
	(2417, 'Bạn đã nhận được câu hỏi', '276101 - Nguyễn Phương Hằng: "Hỏi lịch làm bù 2/9"', '2021-07-01 09:48:22', 22, 0, 1128, 48, 1, 1),
	(2418, 'Bạn đã nhận được câu hỏi', 'AAFFDD - Sơn Lò Văn: "Hỏi cách tính lương tháng 13"', '2021-07-01 09:52:46', 24, 0, 1129, 73, 1, 1),
	(2419, 'Câu hỏi đã hết hạn', 'Câu hỏi X59S4PT6 đã hết hạn. Bạn không thể trả lời được nữa rồi!', '2021-07-01 09:53:00', 22, 0, 1128, 48, 1, 4),
	(2420, 'Không nhận được phản hồi', 'Vì lý do khách quan, câu hỏi X59S4PT6 của bạn chưa nhận được phản hồi. Đừng lo lắng, hãy đặt lại câu hỏi với VTMan Hero nhé!', '2021-07-01 09:53:00', 24, 0, 1128, 48, 2, 5),
	(2421, 'Câu hỏi sắp hết hạn', 'Câu hỏi X8BT8D1C sắp hết hạn sau 3 phút nữa! Bạn dành ít phút để trả lời nhé', '2021-07-01 09:54:00', 24, 0, 1129, 73, 1, 3),
	(2425, 'Câu hỏi đã hết hạn', 'Câu hỏi X8BT8D1C đã hết hạn. Bạn không thể trả lời được nữa rồi!', '2021-07-01 09:57:00', 24, 0, 1129, 73, 1, 4),
	(2426, 'Không nhận được phản hồi', 'Vì lý do khách quan, câu hỏi X8BT8D1C của bạn chưa nhận được phản hồi. Đừng lo lắng, hãy đặt lại câu hỏi với VTMan Hero nhé!', '2021-07-01 09:57:00', 21, 1, 1129, 73, 2, 5),
	(2428, 'Bạn đã nhận được câu hỏi', 'AAFFDD - Sơn Lò Văn: "Luan demo ngay 0107 lan 2"', '2021-07-01 09:58:29', 25, 1, 1132, 78, 1, 1),
	(2429, 'Bạn đã nhận được câu hỏi', 'AAFFDD - Sơn Lò Văn: "Luan demo ngay 0107 lan 2"', '2021-07-01 09:58:29', 4, 1, 1132, 78, 1, 1),
	(2430, 'Câu hỏi sắp hết hạn', 'Câu hỏi P23H4OI4 sắp hết hạn sau 3 phút nữa! Bạn dành ít phút để trả lời nhé', '2021-07-01 10:00:00', 25, 1, 1132, 78, 1, 3),
	(2431, 'Câu hỏi sắp hết hạn', 'Câu hỏi P23H4OI4 sắp hết hạn sau 3 phút nữa! Bạn dành ít phút để trả lời nhé', '2021-07-01 10:00:00', 4, 1, 1132, 78, 1, 3),
	(2434, 'Bạn đã nhận được câu hỏi', 'ADADFF - Nguồn test 1: "chuyển tiếp câu hỏi"', '2021-07-01 10:01:31', 22, 0, 1133, 48, 1, 1),
	(2435, 'Câu hỏi sắp hết hạn', 'Câu hỏi ILJ80FKS sắp hết hạn sau 1 phút nữa! Bạn dành ít phút để trả lời nhé', '2021-07-01 10:02:00', 22, 0, 1133, 48, 1, 3),
	(2436, 'Câu hỏi đã hết hạn', 'Câu hỏi ILJ80FKS đã hết hạn. Bạn không thể trả lời được nữa rồi!', '2021-07-01 10:03:00', 22, 0, 1133, 48, 1, 4),
	(2437, 'Không nhận được phản hồi', 'Vì lý do khách quan, câu hỏi ILJ80FKS của bạn chưa nhận được phản hồi. Đừng lo lắng, hãy đặt lại câu hỏi với VTMan Hero nhé!', '2021-07-01 10:03:00', 46, 1, 1133, 48, 2, 5),
	(2438, 'Câu hỏi đã hết hạn', 'Câu hỏi P23H4OI4 đã hết hạn. Bạn không thể trả lời được nữa rồi!', '2021-07-01 10:03:00', 25, 1, 1132, 78, 1, 4),
	(2439, 'Câu hỏi đã hết hạn', 'Câu hỏi P23H4OI4 đã hết hạn. Bạn không thể trả lời được nữa rồi!', '2021-07-01 10:03:00', 4, 1, 1132, 78, 1, 4),
	(2440, 'Không nhận được phản hồi', 'Vì lý do khách quan, câu hỏi P23H4OI4 của bạn chưa nhận được phản hồi. Đừng lo lắng, hãy đặt lại câu hỏi với VTMan Hero nhé!', '2021-07-01 10:03:00', 21, 1, 1132, 78, 2, 5),
	(2441, 'Bạn đã nhận được câu hỏi', '276101 - Nguyễn Phương Hằng: "Hỏi sao không được xét thươngd"', '2021-07-01 10:07:49', 22, 0, 1134, 48, 1, 1),
	(2442, 'Câu hỏi sắp hết hạn', 'Câu hỏi QFHHGNFD sắp hết hạn sau 1 phút nữa! Bạn dành ít phút để trả lời nhé', '2021-07-01 10:08:00', 22, 1, 1134, 48, 1, 3),
	(2443, 'Câu hỏi đã hết hạn', 'Câu hỏi QFHHGNFD đã hết hạn. Bạn không thể trả lời được nữa rồi!', '2021-07-01 10:09:00', 22, 0, 1134, 48, 1, 4),
	(2444, 'Không nhận được phản hồi', 'Vì lý do khách quan, câu hỏi QFHHGNFD của bạn chưa nhận được phản hồi. Đừng lo lắng, hãy đặt lại câu hỏi với VTMan Hero nhé!', '2021-07-01 10:09:00', 24, 0, 1134, 48, 2, 5),
	(2445, 'Bạn đã nhận được câu hỏi', 'ADADFF - Nguồn test 1: "test ios"', '2021-07-01 10:09:58', 27, 1, 1135, 126, 1, 1),
	(2446, 'Câu hỏi sắp hết hạn', 'Câu hỏi S0EY8X8J sắp hết hạn sau 1 phút nữa! Bạn dành ít phút để trả lời nhé', '2021-07-01 10:10:00', 27, 1, 1135, 126, 1, 3),
	(2447, 'Câu hỏi đã hết hạn', 'Câu hỏi S0EY8X8J đã hết hạn. Bạn không thể trả lời được nữa rồi!', '2021-07-01 10:11:00', 27, 1, 1135, 126, 1, 4),
	(2448, 'Không nhận được phản hồi', 'Vì lý do khách quan, câu hỏi S0EY8X8J của bạn chưa nhận được phản hồi. Đừng lo lắng, hãy đặt lại câu hỏi với VTMan Hero nhé!', '2021-07-01 10:11:00', 46, 1, 1135, 126, 2, 5),
	(2449, 'Bạn đã nhận được câu hỏi', 'ADADDA - Nguyễn Văn A: "Test abc"', '2021-07-01 10:11:42', 24, 0, 1136, 73, 1, 1),
	(2450, 'Bạn đã nhận được câu hỏi', 'ADADFF - Nguồn test 1: "câu hỏi"', '2021-07-01 10:12:10', 27, 1, 1137, 126, 1, 1),
	(2451, 'Câu hỏi sắp hết hạn', 'Câu hỏi 3H34GXQ6 sắp hết hạn sau 1 phút nữa! Bạn dành ít phút để trả lời nhé', '2021-07-01 10:12:00', 24, 1, 1136, 73, 1, 3),
	(2452, 'Câu hỏi sắp hết hạn', 'Câu hỏi M9357OC8 sắp hết hạn sau 1 phút nữa! Bạn dành ít phút để trả lời nhé', '2021-07-01 10:13:00', 27, 1, 1137, 126, 1, 3),
	(2453, 'Câu hỏi đã hết hạn', 'Câu hỏi 3H34GXQ6 đã hết hạn. Bạn không thể trả lời được nữa rồi!', '2021-07-01 10:13:00', 24, 1, 1136, 73, 1, 4),
	(2454, 'Không nhận được phản hồi', 'Vì lý do khách quan, câu hỏi 3H34GXQ6 của bạn chưa nhận được phản hồi. Đừng lo lắng, hãy đặt lại câu hỏi với VTMan Hero nhé!', '2021-07-01 10:13:00', 22, 0, 1136, 73, 2, 5),
	(2455, 'Bạn đã nhận được câu hỏi', 'ADADFF - Nguồn test 1: "test bên ios"', '2021-07-01 10:13:33', 27, 1, 1138, 126, 1, 1),
	(2456, 'Câu hỏi sắp hết hạn', 'Câu hỏi KDPTRZ3C sắp hết hạn sau 1 phút nữa! Bạn dành ít phút để trả lời nhé', '2021-07-01 10:14:00', 27, 1, 1138, 126, 1, 3),
	(2457, 'Câu hỏi đã hết hạn', 'Câu hỏi M9357OC8 đã hết hạn. Bạn không thể trả lời được nữa rồi!', '2021-07-01 10:14:00', 27, 1, 1137, 126, 1, 4),
	(2458, 'Không nhận được phản hồi', 'Vì lý do khách quan, câu hỏi M9357OC8 của bạn chưa nhận được phản hồi. Đừng lo lắng, hãy đặt lại câu hỏi với VTMan Hero nhé!', '2021-07-01 10:14:00', 46, 1, 1137, 126, 2, 5),
	(2459, 'Bạn đã nhận được câu hỏi', 'ADADFF - Nguồn test 1: "test ioss "', '2021-07-01 10:14:32', 27, 1, 1139, 126, 1, 1),
	(2460, 'Câu hỏi sắp hết hạn', 'Câu hỏi 0GF6DL2A sắp hết hạn sau 1 phút nữa! Bạn dành ít phút để trả lời nhé', '2021-07-01 10:15:00', 27, 1, 1139, 126, 1, 3),
	(2461, 'Câu hỏi đã hết hạn', 'Câu hỏi KDPTRZ3C đã hết hạn. Bạn không thể trả lời được nữa rồi!', '2021-07-01 10:15:00', 27, 1, 1138, 126, 1, 4),
	(2462, 'Không nhận được phản hồi', 'Vì lý do khách quan, câu hỏi KDPTRZ3C của bạn chưa nhận được phản hồi. Đừng lo lắng, hãy đặt lại câu hỏi với VTMan Hero nhé!', '2021-07-01 10:15:00', 46, 1, 1138, 126, 2, 5),
	(2463, 'Bạn đã nhận được câu hỏi', 'ADADFF - Nguồn test 1: "bên ios"', '2021-07-01 10:15:34', 27, 1, 1140, 126, 1, 1),
	(2464, 'Bạn đã nhận được câu hỏi', 'ADADFF - Nguồn test 1: "test ios 123"', '2021-07-01 10:16:10', 27, 1, 1141, 126, 1, 1),
	(2465, 'Câu hỏi sắp hết hạn', 'Câu hỏi L1N61N75 sắp hết hạn sau 1 phút nữa! Bạn dành ít phút để trả lời nhé', '2021-07-01 10:16:00', 27, 1, 1140, 126, 1, 3),
	(2466, 'Câu hỏi đã hết hạn', 'Câu hỏi 0GF6DL2A đã hết hạn. Bạn không thể trả lời được nữa rồi!', '2021-07-01 10:16:00', 27, 1, 1139, 126, 1, 4),
	(2467, 'Không nhận được phản hồi', 'Vì lý do khách quan, câu hỏi 0GF6DL2A của bạn chưa nhận được phản hồi. Đừng lo lắng, hãy đặt lại câu hỏi với VTMan Hero nhé!', '2021-07-01 10:16:00', 46, 1, 1139, 126, 2, 5),
	(2468, 'Bạn đã nhận được câu hỏi', 'ADADFF - Nguồn test 1: "test ios 123456"', '2021-07-01 10:16:57', 27, 1, 1142, 126, 1, 1),
	(2469, 'Câu hỏi sắp hết hạn', 'Câu hỏi CJU122XV sắp hết hạn sau 1 phút nữa! Bạn dành ít phút để trả lời nhé', '2021-07-01 10:17:00', 27, 1, 1141, 126, 1, 3),
	(2470, 'Câu hỏi đã hết hạn', 'Câu hỏi L1N61N75 đã hết hạn. Bạn không thể trả lời được nữa rồi!', '2021-07-01 10:17:00', 27, 1, 1140, 126, 1, 4),
	(2471, 'Không nhận được phản hồi', 'Vì lý do khách quan, câu hỏi L1N61N75 của bạn chưa nhận được phản hồi. Đừng lo lắng, hãy đặt lại câu hỏi với VTMan Hero nhé!', '2021-07-01 10:17:00', 46, 1, 1140, 126, 2, 5),
	(2472, 'Câu hỏi sắp hết hạn', 'Câu hỏi YZ48NYYQ sắp hết hạn sau 3 phút nữa! Bạn dành ít phút để trả lời nhé', '2021-07-01 10:18:00', 27, 1, 1142, 126, 1, 3),
	(2473, 'Câu hỏi đã hết hạn', 'Câu hỏi CJU122XV đã hết hạn. Bạn không thể trả lời được nữa rồi!', '2021-07-01 10:18:00', 27, 1, 1141, 126, 1, 4),
	(2474, 'Không nhận được phản hồi', 'Vì lý do khách quan, câu hỏi CJU122XV của bạn chưa nhận được phản hồi. Đừng lo lắng, hãy đặt lại câu hỏi với VTMan Hero nhé!', '2021-07-01 10:18:00', 46, 1, 1141, 126, 2, 5),
	(2475, 'Bạn đã nhận được câu hỏi', 'AAFFDD - Sơn Lò Văn: "Luan demo ngay 0107 lan 3"', '2021-07-01 10:19:12', 27, 0, 1143, 126, 1, 1),
	(2476, 'Câu hỏi sắp hết hạn', 'Câu hỏi KCRXP4O7 sắp hết hạn sau 3 phút nữa! Bạn dành ít phút để trả lời nhé', '2021-07-01 10:21:00', 27, 1, 1143, 126, 1, 3),
	(2477, 'Bạn đã nhận được câu hỏi', '276101 - Nguyễn Phương Hằng: "Quy trình tăng lương"', '2021-07-01 10:23:46', 22, 0, 1144, 48, 1, 1),
	(2478, 'Câu hỏi đã hết hạn', 'Câu hỏi KCRXP4O7 đã hết hạn. Bạn không thể trả lời được nữa rồi!', '2021-07-01 10:24:00', 27, 1, 1143, 126, 1, 4),
	(2479, 'Không nhận được phản hồi', 'Vì lý do khách quan, câu hỏi KCRXP4O7 của bạn chưa nhận được phản hồi. Đừng lo lắng, hãy đặt lại câu hỏi với VTMan Hero nhé!', '2021-07-01 10:24:00', 21, 1, 1143, 126, 2, 5),
	(2480, 'Bạn đã nhận được câu hỏi', '276101 - Nguyễn Phương Hằng: "Hường đặt câu hổ check luồng đánh giá"', '2021-07-01 10:35:24', 22, 0, 1145, 48, 1, 1),
	(2481, 'Bạn đã nhận được phản hồi', 'Câu hỏi 1ZSCO0JY: "Hường trả lời câu hỏi trên:;;;".', '2021-07-01 10:36:19', 24, 1, 1145, 48, 2, 2),
	(2482, 'Bạn đã nhận được câu hỏi', '276101 - Nguyễn Phương Hằng: "Popup đánh giá"', '2021-07-01 10:42:47', 22, 0, 1146, 48, 1, 1),
	(2483, 'Bạn đã nhận được phản hồi', 'Câu hỏi 98QBFUN6: "Ok b".', '2021-07-01 10:43:21', 24, 0, 1146, 48, 2, 2),
	(2484, 'Bạn đã nhận được câu hỏi', 'AAFFDD - Sơn Lò Văn: "Luan demo ngay 0107 lan 5"', '2021-07-01 10:58:50', 27, 1, 1147, 126, 1, 1),
	(2485, 'Bạn đã nhận được câu hỏi', 'AAFFDD - Sơn Lò Văn: "Luan demo ngay 0107 lan 4"', '2021-07-01 10:59:43', 27, 1, 1148, 126, 1, 1),
	(2486, 'Bạn đã nhận được câu hỏi', '276101 - Nguyễn Phương Hằng: "Hường đặt câu hỏi check luồng đánh giá"', '2021-07-01 10:59:45', 22, 0, 1149, 48, 1, 1),
	(2487, 'Bạn đã nhận được câu hỏi', 'AAFFDD - Sơn Lò Văn: "Luan demo ngay 0107 lan 6"', '2021-07-01 10:59:57', 27, 1, 1150, 126, 1, 1),
	(2488, 'Câu hỏi sắp hết hạn', 'Câu hỏi DN1SSBA7 sắp hết hạn sau 3 phút nữa! Bạn dành ít phút để trả lời nhé', '2021-07-01 11:00:00', 27, 1, 1147, 126, 1, 3),
	(2489, 'Bạn đã nhận được câu hỏi', 'AAFFDD - Sơn Lò Văn: "Luan demo ngay 0107 lan 8"', '2021-07-01 11:01:04', 24, 0, 1151, 73, 1, 1),
	(2490, 'Câu hỏi sắp hết hạn', 'Câu hỏi NQWYIB9E sắp hết hạn sau 3 phút nữa! Bạn dành ít phút để trả lời nhé', '2021-07-01 11:01:00', 27, 1, 1150, 126, 1, 3),
	(2491, 'Câu hỏi sắp hết hạn', 'Câu hỏi JLASA9J3 sắp hết hạn sau 3 phút nữa! Bạn dành ít phút để trả lời nhé', '2021-07-01 11:01:00', 27, 1, 1148, 126, 1, 3),
	(2493, 'Bạn đã nhận được câu hỏi', 'AAFFDD - Sơn Lò Văn: "Luan demo ngay 0107 lan 9"', '2021-07-01 11:01:45', 25, 1, 1152, 78, 1, 1),
	(2494, 'Bạn đã nhận được câu hỏi', 'AAFFDD - Sơn Lò Văn: "Luan demo ngay 0107 lan 9"', '2021-07-01 11:01:45', 4, 1, 1152, 78, 1, 1),
	(2495, 'Câu hỏi sắp hết hạn', 'Câu hỏi 8SWRYCLA sắp hết hạn sau 3 phút nữa! Bạn dành ít phút để trả lời nhé', '2021-07-01 11:03:00', 25, 1, 1152, 78, 1, 3),
	(2496, 'Câu hỏi sắp hết hạn', 'Câu hỏi 8SWRYCLA sắp hết hạn sau 3 phút nữa! Bạn dành ít phút để trả lời nhé', '2021-07-01 11:03:00', 4, 1, 1152, 78, 1, 3),
	(2497, 'Câu hỏi đã hết hạn', 'Câu hỏi DN1SSBA7 đã hết hạn. Bạn không thể trả lời được nữa rồi!', '2021-07-01 11:03:00', 27, 1, 1147, 126, 1, 4),
	(2498, 'Không nhận được phản hồi', 'Vì lý do khách quan, câu hỏi DN1SSBA7 của bạn chưa nhận được phản hồi. Đừng lo lắng, hãy đặt lại câu hỏi với VTMan Hero nhé!', '2021-07-01 11:03:00', 21, 1, 1147, 126, 2, 5),
	(2499, 'Bạn đã nhận được câu hỏi', 'ADADDA - Nguyễn Văn A: "Popup đánh giá"', '2021-07-01 11:03:49', 24, 0, 1153, 73, 1, 1),
	(2500, 'Câu hỏi đã hết hạn', 'Câu hỏi NQWYIB9E đã hết hạn. Bạn không thể trả lời được nữa rồi!', '2021-07-01 11:04:00', 27, 1, 1150, 126, 1, 4),
	(2501, 'Không nhận được phản hồi', 'Vì lý do khách quan, câu hỏi NQWYIB9E của bạn chưa nhận được phản hồi. Đừng lo lắng, hãy đặt lại câu hỏi với VTMan Hero nhé!', '2021-07-01 11:04:00', 21, 1, 1150, 126, 2, 5),
	(2502, 'Câu hỏi đã hết hạn', 'Câu hỏi JLASA9J3 đã hết hạn. Bạn không thể trả lời được nữa rồi!', '2021-07-01 11:04:00', 27, 1, 1148, 126, 1, 4),
	(2503, 'Không nhận được phản hồi', 'Vì lý do khách quan, câu hỏi JLASA9J3 của bạn chưa nhận được phản hồi. Đừng lo lắng, hãy đặt lại câu hỏi với VTMan Hero nhé!', '2021-07-01 11:04:00', 21, 1, 1148, 126, 2, 5),
	(2504, 'Bạn đã nhận được phản hồi', 'Câu hỏi TU17H6IM: "Good job".', '2021-07-01 11:04:26', 22, 0, 1153, 73, 2, 2),
	(2505, 'Bạn đã nhận được câu hỏi', '276101 - Nguyễn Phương Hằng: "OK ok"', '2021-07-01 11:05:15', 22, 1, 1154, 48, 1, 1),
	(2506, 'Câu hỏi đã hết hạn', 'Câu hỏi 8SWRYCLA đã hết hạn. Bạn không thể trả lời được nữa rồi!', '2021-07-01 11:06:00', 25, 1, 1152, 78, 1, 4),
	(2507, 'Câu hỏi đã hết hạn', 'Câu hỏi 8SWRYCLA đã hết hạn. Bạn không thể trả lời được nữa rồi!', '2021-07-01 11:06:00', 4, 1, 1152, 78, 1, 4),
	(2508, 'Không nhận được phản hồi', 'Vì lý do khách quan, câu hỏi 8SWRYCLA của bạn chưa nhận được phản hồi. Đừng lo lắng, hãy đặt lại câu hỏi với VTMan Hero nhé!', '2021-07-01 11:06:00', 21, 1, 1152, 78, 2, 5),
	(2509, 'Bạn đã nhận được phản hồi', 'Câu hỏi ZS37WFRM: "Luan tra loi".', '2021-07-01 11:06:23', 24, 0, 1154, 48, 2, 2),
	(2513, 'Bạn đã nhận được câu hỏi', 'ADADDA - Nguyễn Văn A: "Hiển thị popup"', '2021-07-01 11:08:58', 25, 1, 1155, 78, 1, 1),
	(2514, 'Bạn đã nhận được câu hỏi', 'ADADDA - Nguyễn Văn A: "Hiển thị popup"', '2021-07-01 11:08:58', 4, 1, 1155, 78, 1, 1),
	(2515, 'Câu hỏi sắp hết hạn', 'Câu hỏi NCFB3BGU sắp hết hạn sau 3 phút nữa! Bạn dành ít phút để trả lời nhé', '2021-07-01 11:10:00', 25, 1, 1155, 78, 1, 3),
	(2516, 'Câu hỏi sắp hết hạn', 'Câu hỏi NCFB3BGU sắp hết hạn sau 3 phút nữa! Bạn dành ít phút để trả lời nhé', '2021-07-01 11:10:00', 4, 1, 1155, 78, 1, 3),
	(2517, 'Bạn đã nhận được câu hỏi', 'ADADDA - Nguyễn Văn A: "Popup linh"', '2021-07-01 11:10:29', 24, 0, 1156, 73, 1, 1),
	(2518, 'Bạn đã nhận được câu hỏi', '023023 - Mạc Hồng Quân: "Luan demo ngay 0107 lan 11"', '2021-07-01 11:11:40', 22, 1, 1157, 48, 1, 1),
	(2519, 'Câu hỏi sắp hết hạn', 'Câu hỏi 722QKMIB sắp hết hạn sau 3 phút nữa! Bạn dành ít phút để trả lời nhé', '2021-07-01 11:12:00', 24, 0, 1156, 73, 1, 3),
	(2520, 'Câu hỏi đã hết hạn', 'Câu hỏi NCFB3BGU đã hết hạn. Bạn không thể trả lời được nữa rồi!', '2021-07-01 11:13:00', 25, 1, 1155, 78, 1, 4),
	(2521, 'Câu hỏi đã hết hạn', 'Câu hỏi NCFB3BGU đã hết hạn. Bạn không thể trả lời được nữa rồi!', '2021-07-01 11:13:00', 4, 1, 1155, 78, 1, 4),
	(2522, 'Không nhận được phản hồi', 'Vì lý do khách quan, câu hỏi NCFB3BGU của bạn chưa nhận được phản hồi. Đừng lo lắng, hãy đặt lại câu hỏi với VTMan Hero nhé!', '2021-07-01 11:13:00', 22, 1, 1155, 78, 2, 5),
	(2523, 'Câu hỏi đã hết hạn', 'Câu hỏi 722QKMIB đã hết hạn. Bạn không thể trả lời được nữa rồi!', '2021-07-01 11:15:00', 24, 0, 1156, 73, 1, 4),
	(2524, 'Không nhận được phản hồi', 'Vì lý do khách quan, câu hỏi 722QKMIB của bạn chưa nhận được phản hồi. Đừng lo lắng, hãy đặt lại câu hỏi với VTMan Hero nhé!', '2021-07-01 11:15:00', 22, 1, 1156, 73, 2, 5),
	(2525, 'Bạn đã nhận được câu hỏi', '276101 - Nguyễn Phương Hằng: "Hường hỏi câu hỏi này: check xem.có đánh giá oke không ? 🤣🤣"', '2021-07-01 11:21:05', 22, 0, 1158, 48, 1, 1),
	(2526, 'Câu hỏi sắp hết hạn', 'Câu hỏi K4VIXDH4 sắp hết hạn sau 3 phút nữa! Bạn dành ít phút để trả lời nhé', '2021-07-01 11:23:00', 22, 1, 1158, 48, 1, 3),
	(2527, 'Bạn đã nhận được phản hồi', 'Câu hỏi K4VIXDH4: "Trả lời câu hỏi do hường hỏi. Chúng tôi chưa hiểu ý của bạn lắm. Bạn vui lòng đặt lại câu hỏi nhé".', '2021-07-01 11:23:43', 24, 0, 1158, 48, 2, 2),
	(2528, 'Bạn đã nhận được câu hỏi', 'ADADDA - Nguyễn Văn A: "Sale tháng 8"', '2021-07-01 11:36:07', 24, 0, 1159, 73, 1, 1),
	(2529, 'Bạn đã nhận được câu hỏi', '276101 - Nguyễn Phương Hằng: "Hỏi chính sách tiền lương ot"', '2021-07-01 11:36:30', 22, 1, 1160, 48, 1, 1),
	(2530, 'Câu hỏi sắp hết hạn', 'Câu hỏi QX5SAOS2 sắp hết hạn sau 3 phút nữa! Bạn dành ít phút để trả lời nhé', '2021-07-01 11:38:00', 22, 1, 1160, 48, 1, 3),
	(2532, 'Bạn đã nhận được câu hỏi', 'ADADDA - Nguyễn Văn A: "Sale tháng 2"', '2021-07-01 11:38:59', 22, 1, 1161, 48, 1, 1),
	(2533, 'Câu hỏi sắp hết hạn', 'Câu hỏi ZEOAQQFQ sắp hết hạn sau 3 phút nữa! Bạn dành ít phút để trả lời nhé', '2021-07-01 11:40:00', 22, 1, 1161, 48, 1, 3),
	(2534, 'Câu hỏi đã hết hạn', 'Câu hỏi QX5SAOS2 đã hết hạn. Bạn không thể trả lời được nữa rồi!', '2021-07-01 11:41:00', 22, 1, 1160, 48, 1, 4),
	(2535, 'Không nhận được phản hồi', 'Vì lý do khách quan, câu hỏi QX5SAOS2 của bạn chưa nhận được phản hồi. Đừng lo lắng, hãy đặt lại câu hỏi với VTMan Hero nhé!', '2021-07-01 11:41:00', 24, 0, 1160, 48, 2, 5),
	(2536, 'Câu hỏi đã hết hạn', 'Câu hỏi ZEOAQQFQ đã hết hạn. Bạn không thể trả lời được nữa rồi!', '2021-07-01 11:43:00', 22, 1, 1161, 48, 1, 4),
	(2537, 'Không nhận được phản hồi', 'Vì lý do khách quan, câu hỏi ZEOAQQFQ của bạn chưa nhận được phản hồi. Đừng lo lắng, hãy đặt lại câu hỏi với VTMan Hero nhé!', '2021-07-01 11:43:00', 22, 1, 1161, 48, 2, 5),
	(2538, 'Bạn đã nhận được câu hỏi', '023023 - Mạc Hồng Quân: "Luan demo ngay 0107 lan 12"', '2021-07-01 11:49:58', 22, 1, 1162, 48, 1, 1),
	(2539, 'Bạn đã nhận được câu hỏi', '023023 - Mạc Hồng Quân: "Luan demo ngay 0107 lan 13"', '2021-07-01 11:50:04', 22, 1, 1163, 48, 1, 1),
	(2540, 'Bạn đã nhận được câu hỏi', '023023 - Mạc Hồng Quân: "Luan demo ngay 0107 lan 14"', '2021-07-01 11:50:08', 22, 1, 1164, 48, 1, 1),
	(2541, 'Bạn đã nhận được câu hỏi', '023023 - Mạc Hồng Quân: "Luan demo ngay 0107 lan 15"', '2021-07-01 11:50:11', 22, 1, 1165, 48, 1, 1),
	(2542, 'Bạn đã nhận được câu hỏi', 'ADADDA - Nguyễn Văn A: "Hỏi quy định tính giờ đi muộn"', '2021-07-01 13:42:36', 24, 0, 1166, 73, 1, 1);
/*!40000 ALTER TABLE `NOTIFICATION_FAQ` ENABLE KEYS */;

-- Dumping structure for table vtman.PAGE
CREATE TABLE IF NOT EXISTS `PAGE` (
  `PAGE_ID` int(11) NOT NULL AUTO_INCREMENT,
  `PAGE_CODE` varchar(500) CHARACTER SET utf8 COLLATE utf8_unicode_ci NOT NULL,
  `PAGE_NAME` varchar(500) CHARACTER SET utf8 COLLATE utf8_unicode_ci DEFAULT NULL,
  `MENU_ID` int(11) DEFAULT NULL,
  `NUMBER_ORDER` int(11) DEFAULT NULL,
  `COMPONENT` varchar(255) CHARACTER SET utf8 COLLATE utf8_unicode_ci DEFAULT NULL,
  `PATH` varchar(500) CHARACTER SET utf8 COLLATE utf8_unicode_ci DEFAULT NULL,
  `AVAILABLE_ACTION_ID` varchar(500) CHARACTER SET utf8 COLLATE utf8_unicode_ci NOT NULL,
  `STATUS` int(11) NOT NULL,
  `CREATED_DATE` datetime DEFAULT NULL,
  `CREATED_BY` int(11) DEFAULT NULL,
  `UPDATED_DATE` datetime DEFAULT NULL,
  `UPDATED_BY` int(11) DEFAULT NULL,
  PRIMARY KEY (`PAGE_ID`)
) ENGINE=InnoDB AUTO_INCREMENT=10059 DEFAULT CHARSET=utf8;

-- Dumping data for table vtman.PAGE: ~26 rows (approximately)
DELETE FROM `PAGE`;
/*!40000 ALTER TABLE `PAGE` DISABLE KEYS */;
INSERT INTO `PAGE` (`PAGE_ID`, `PAGE_CODE`, `PAGE_NAME`, `MENU_ID`, `NUMBER_ORDER`, `COMPONENT`, `PATH`, `AVAILABLE_ACTION_ID`, `STATUS`, `CREATED_DATE`, `CREATED_BY`, `UPDATED_DATE`, `UPDATED_BY`) VALUES
	(1, 'PAGE_1', 'Quản lý chủ đề', 1, 1, 'Topic', '/topics', '1,2,3,4', 1, '2021-06-06 00:00:00', 21, '2021-06-30 19:47:08', 35),
	(2, 'PAGE_2', 'Quản lý câu hỏi tự định nghĩa', 1, 2, 'QuestionDefinition', '/questionDefinition', '1,2,3,4', 1, '2021-06-06 00:00:00', 21, '2021-06-08 00:00:00', 27),
	(3, 'PAGE_3', 'Quản lý từ khóa cấm', 1, 3, 'BannedContent', '/bannedContent', '1,2,3,4', 1, '2021-06-06 00:00:00', 21, '2021-06-26 23:37:45', 35),
	(4, 'PAGE_4', 'Quản lý tin nhắn tự động', 1, 4, 'ContentAutomatic', '/automaticContent', '1,2,3,4', 1, '2021-06-06 00:00:00', 21, '2021-06-14 16:09:02', NULL),
	(5, 'PAGE_5', 'Quản lý lịch sử hỏi đáp', 1, 5, 'HistoryFaq', '/fQA', '1,2,3,4', 1, '2021-06-06 00:00:00', 21, '2021-06-08 00:00:00', 27),
	(6, 'PAGE_6', 'Quản lý lịch làm việc', 1, 6, 'WorkCalendar', '/workCalendar', '1,2,3,4', 1, '2021-06-06 00:00:00', 21, '2021-06-08 00:00:00', 27),
	(7, 'PAGE_7', 'Cấu hình chức năng', 1, 7, 'FunctionConfig', '/functionConfig', '1,2,3,4', 1, '2021-06-06 00:00:00', 21, '2021-06-08 00:00:00', 27),
	(12, 'PAGE_12', 'Quản lý danh sách menu', 3, 1, 'Menu', '/menu', '1,2,3,4', 1, '2021-06-06 00:00:00', 21, '2021-06-15 11:45:58', 35),
	(13, 'PAGE_13', 'Quản lý danh sách page', 3, 2, 'Page', '/page', '1,2,3,4', 1, '2021-06-06 00:00:00', 21, '2021-06-08 00:00:00', 27),
	(14, 'PAGE_14', 'Cấu hình phân quyền', 3, 3, 'Permission', '/permission', '2,3,4,1', 1, '2021-06-06 00:00:00', 21, '2021-06-28 09:18:43', 35),
	(15, 'PAGE_15', 'Cập nhật người dùng', 4, 11, 'UserAuthorization', '/employee', '1,2,3,4', 1, NULL, NULL, '2021-06-28 09:17:57', 35),
	(16, 'PAGE_16', 'Nhóm quản trị', 4, 2, 'Role', '/role', '1,2,3,4', 1, NULL, NULL, '2021-06-28 09:18:28', 35),
	(1044, 'dovanchien', 'Chiển test', 76, NULL, NULL, '', '1', 1, '2021-06-14 14:22:18', NULL, '2021-06-14 14:25:23', NULL),
	(10003, 'TEST_1', 'test by Chien', 80, NULL, NULL, '', '1', 1, '2021-06-14 17:22:15', NULL, '2021-06-14 17:31:09', 35),
	(10004, 'TEST_2', 'ChiỀn test', NULL, NULL, NULL, '/chiếndv', '1', 1, '2021-06-14 17:32:25', 35, '2021-06-30 17:15:28', 35),
	(10009, 'test', 'page test', 87, 24, NULL, '/chiendv', '1,2', 0, '2021-06-16 08:11:27', 35, '2021-06-16 17:35:50', 35),
	(10014, 'A', 'linh test', 95, NULL, NULL, '', '1,2,3,4', 0, '2021-06-17 10:00:58', 35, NULL, NULL),
	(10015, 'B', 'linh test 1', 87, NULL, NULL, '', '1', 0, '2021-06-17 10:01:15', 35, NULL, NULL),
	(10016, 'c', 'linh test 3', 95, NULL, NULL, '', '1,2', 1, '2021-06-17 10:01:36', 35, NULL, NULL),
	(10019, 'PAGE_17', 'Quản lý phòng ban', 4, 8, 'Department', '/department', '1,2,3,4', 1, '2021-06-18 14:18:23', 35, '2021-06-30 19:52:08', 35),
	(10029, '1111', '1111', 110, NULL, 'HistoryFaq', '', '1', 1, '2021-06-22 17:24:42', 35, '2021-06-22 17:25:00', 35),
	(10033, 'PAGE_1234', 'page 20', 110, NULL, NULL, '', '1', 1, '2021-06-23 18:57:41', 35, '2021-06-23 18:58:06', 35),
	(10034, 'chiendv', 'chiendv2', 110, NULL, NULL, '', '1', 1, '2021-06-23 19:33:44', 35, '2021-06-23 19:34:54', 35),
	(10035, 'chiendv1', 'chiendv1', 110, NULL, NULL, '', '1', 1, '2021-06-23 19:34:37', 35, NULL, NULL),
	(10036, 'chiendv11', 'chiendv123', 110, 123, NULL, '/chiendv', '1', 0, '2021-06-23 19:52:03', 35, '2021-06-23 19:53:35', 35),
	(10053, 'BAOCAO', 'Báo cáo', 2, 3, 'Report', '/report', '1,2,3,4', 1, '2021-06-26 13:39:53', 35, NULL, NULL);
/*!40000 ALTER TABLE `PAGE` ENABLE KEYS */;

-- Dumping structure for table vtman.PERMISSION_ACTION
CREATE TABLE IF NOT EXISTS `PERMISSION_ACTION` (
  `PERMISSION_ACTION_ID` int(11) NOT NULL AUTO_INCREMENT,
  `PAGE_ID` int(11) NOT NULL,
  `ROLE_ID` int(11) NOT NULL,
  `ACTION_ID` varchar(500) CHARACTER SET utf8 COLLATE utf8_unicode_ci DEFAULT NULL,
  `STATUS` int(11) NOT NULL,
  `CREATED_DATE` datetime DEFAULT NULL,
  `CREATED_BY` int(11) DEFAULT NULL,
  `UPDATED_DATE` datetime DEFAULT NULL,
  `UPDATED_BY` int(11) DEFAULT NULL,
  PRIMARY KEY (`PERMISSION_ACTION_ID`),
  UNIQUE KEY `PERMISSION_ACTION_IDENTIFY_IDX` (`PAGE_ID`,`ROLE_ID`)
) ENGINE=InnoDB AUTO_INCREMENT=111 DEFAULT CHARSET=utf8;

-- Dumping data for table vtman.PERMISSION_ACTION: ~79 rows (approximately)
DELETE FROM `PERMISSION_ACTION`;
/*!40000 ALTER TABLE `PERMISSION_ACTION` DISABLE KEYS */;
INSERT INTO `PERMISSION_ACTION` (`PERMISSION_ACTION_ID`, `PAGE_ID`, `ROLE_ID`, `ACTION_ID`, `STATUS`, `CREATED_DATE`, `CREATED_BY`, `UPDATED_DATE`, `UPDATED_BY`) VALUES
	(3, 3, 1, '4,2,3,1', 1, '2021-05-31 00:00:00', 21, '2021-06-21 13:59:35', 35),
	(4, 12, 1, '1,2,3,4', 1, '2021-05-31 00:00:00', 21, '2021-06-18 13:32:44', 35),
	(5, 13, 1, '1,2,3,4', 1, '2021-05-31 00:00:00', 21, '2021-06-18 13:32:58', 35),
	(6, 8, 2, '1,2,3', 1, '2021-06-07 15:57:24', 21, NULL, NULL),
	(7, 9, 2, '1', 1, '2021-06-07 15:58:10', 21, NULL, NULL),
	(8, 14, 1, '1,2,3,4', 1, '2021-06-07 16:37:41', 21, '2021-06-21 09:16:27', 35),
	(9, 6, 1, '2,3,4,1', 1, NULL, 21, '2021-06-21 13:59:34', 35),
	(10, 5, 1, '1,2,3,4', 1, NULL, 21, '2021-06-30 13:58:59', 35),
	(16, 10, 2, '1', 1, '2021-06-09 17:06:35', NULL, '2021-06-09 17:06:35', NULL),
	(17, 1, 2, '1,4,3', 1, '2021-06-09 17:17:49', NULL, '2021-06-18 09:14:59', 35),
	(18, 1038, 1, '1', 1, '2021-06-09 17:19:51', NULL, '2021-06-13 10:19:49', NULL),
	(19, 1038, 2, '1', 1, '2021-06-09 17:22:56', NULL, '2021-06-09 17:22:56', NULL),
	(20, 4, 1, '4,1,3,2', 1, '2021-06-10 09:37:29', NULL, '2021-06-30 13:59:01', 35),
	(21, 7, 1, '4,3,2,1', 1, '2021-06-10 10:29:55', NULL, '2021-06-30 19:42:04', 35),
	(22, 2, 2, '1,4,2', 1, '2021-06-10 15:50:38', NULL, '2021-06-15 14:01:18', NULL),
	(23, 3, 2, '1,2', 1, '2021-06-10 15:50:38', NULL, '2021-06-15 14:01:24', NULL),
	(24, 4, 2, '1,2', 1, '2021-06-10 15:50:39', NULL, '2021-06-15 14:01:22', NULL),
	(25, 5, 2, '4,1', 1, '2021-06-10 15:50:51', NULL, '2021-06-15 14:01:28', NULL),
	(26, 6, 2, '4,1', 1, '2021-06-10 15:50:52', NULL, '2021-06-15 14:01:29', NULL),
	(27, 8, 1, '4,3,1,2', 1, '2021-06-11 09:29:31', NULL, '2021-06-21 21:55:10', 35),
	(28, 9, 1, '1,2,3', 1, '2021-06-11 09:29:37', NULL, '2021-06-11 09:29:39', NULL),
	(29, 10, 1, '1', 1, '2021-06-11 09:29:41', NULL, '2021-06-11 09:29:41', NULL),
	(30, 11, 1, '1', 1, '2021-06-11 09:29:41', NULL, '2021-06-11 09:29:41', NULL),
	(31, 12, 2, '1', 1, '2021-06-12 16:28:52', NULL, '2021-06-12 16:28:52', NULL),
	(32, 1044, 1, '2,1', 1, '2021-06-13 10:11:30', NULL, '2021-06-13 10:12:15', NULL),
	(33, 1042, 1, '1,2,3,4', 1, '2021-06-14 11:27:30', NULL, '2021-06-14 11:27:40', NULL),
	(34, 1043, 1, '1,2,3,4', 1, '2021-06-14 13:33:40', NULL, '2021-06-14 13:33:47', NULL),
	(35, 15, 1, '1,2,3,4', 1, '2021-06-14 14:40:37', NULL, '2021-06-21 11:23:52', 35),
	(36, 16, 1, '1,2,3,4', 1, '2021-06-14 14:40:41', NULL, '2021-06-21 11:23:51', 35),
	(37, 10005, 1, '1,2,3', 1, '2021-06-15 09:40:23', 35, '2021-06-15 09:40:26', 35),
	(38, 14, 7, '', 1, '2021-06-15 10:32:37', 35, '2021-06-15 14:15:08', 35),
	(39, 10005, 7, '', 1, '2021-06-15 10:36:47', 35, '2021-06-15 11:07:42', 35),
	(40, 1, 7, '', 1, '2021-06-15 10:46:18', 35, '2021-06-15 11:10:43', 35),
	(41, 2, 7, '', 1, '2021-06-15 10:55:13', 35, '2021-06-15 11:11:10', 35),
	(42, 3, 7, '', 1, '2021-06-15 11:11:19', 35, '2021-06-15 11:13:30', 35),
	(43, 4, 7, '', 1, '2021-06-15 11:13:42', 35, '2021-06-15 11:43:03', 35),
	(44, 5, 7, '', 1, '2021-06-15 11:42:59', 35, '2021-06-15 11:43:54', 35),
	(45, 6, 7, '', 1, '2021-06-15 11:44:01', 35, '2021-06-15 11:44:40', 35),
	(46, 7, 7, '', 1, '2021-06-15 11:44:44', 35, '2021-06-15 11:47:07', 35),
	(48, 12, 7, '', 1, '2021-06-15 13:39:51', 35, '2021-06-15 13:42:45', 35),
	(49, 13, 7, '', 1, '2021-06-15 13:42:51', 35, '2021-06-15 14:14:39', 35),
	(50, 7, 2, '1,2,3,4', 1, '2021-06-15 14:01:30', NULL, '2021-06-21 17:45:30', 72),
	(51, 10008, 1, '1,2', 1, '2021-06-17 22:48:39', 35, '2021-06-22 11:13:13', 35),
	(53, 2, 1, '2,3,1,4', 1, '2021-06-18 13:29:36', 35, '2021-06-25 23:08:51', 35),
	(54, 10019, 1, '2,3,4,1', 1, '2021-06-18 14:19:50', 35, '2021-06-21 11:18:36', 35),
	(55, 14, 2, '1,2,3,4', 1, '2021-06-21 09:41:38', 35, '2021-06-21 09:41:42', 35),
	(61, 1, 1, '1,2,3,4', 1, '2021-06-21 21:53:50', 35, '2021-06-25 23:08:50', 35),
	(62, 10008, 3, '1', 1, '2021-06-21 23:08:38', 35, '2021-06-21 23:08:38', 35),
	(64, 1, 3, '1', 1, '2021-06-21 23:08:41', 35, '2021-06-21 23:08:41', 35),
	(65, 2, 3, '1', 1, '2021-06-21 23:08:44', 35, '2021-06-21 23:08:44', 35),
	(66, 3, 3, '1', 1, '2021-06-21 23:08:44', 35, '2021-06-21 23:08:44', 35),
	(67, 4, 3, '1', 1, '2021-06-21 23:08:49', 35, '2021-06-21 23:08:49', 35),
	(68, 1, 5, '1', 1, '2021-06-21 23:08:56', 35, '2021-06-21 23:08:56', 35),
	(69, 2, 5, '1', 1, '2021-06-21 23:08:57', 35, '2021-06-21 23:08:57', 35),
	(70, 3, 5, '1', 1, '2021-06-21 23:08:57', 35, '2021-06-21 23:08:57', 35),
	(71, 4, 5, '1', 1, '2021-06-21 23:09:01', 35, '2021-06-21 23:09:01', 35),
	(72, 5, 5, '1', 1, '2021-06-21 23:09:04', 35, '2021-06-21 23:09:04', 35),
	(73, 6, 5, '1', 1, '2021-06-21 23:09:06', 35, '2021-06-21 23:09:06', 35),
	(74, 7, 5, '1', 1, '2021-06-21 23:09:10', 35, '2021-06-21 23:09:10', 35),
	(75, 10019, 5, '1', 1, '2021-06-21 23:09:15', 35, '2021-06-21 23:09:15', 35),
	(77, 10008, 4, '1', 1, '2021-06-21 23:29:40', 35, '2021-06-21 23:29:40', 35),
	(82, 10028, 1, '1', 1, '2021-06-23 09:14:56', 35, '2021-06-23 09:14:56', 35),
	(92, 1, 6, '1', 1, '2021-06-25 23:09:11', 35, '2021-06-26 23:38:14', 35),
	(93, 2, 6, '1', 1, '2021-06-25 23:09:12', 35, '2021-06-25 23:09:12', 35),
	(94, 3, 6, '1', 1, '2021-06-25 23:09:13', 35, '2021-06-25 23:09:13', 35),
	(95, 10053, 1, '2,3,4,1', 1, '2021-06-26 13:40:13', 35, '2021-06-28 09:57:38', 35),
	(96, 10054, 1, '1', 1, '2021-06-26 13:43:04', 35, '2021-06-26 13:43:04', 35),
	(97, 10055, 1, '1', 1, '2021-06-26 13:45:21', 35, '2021-06-26 13:45:21', 35),
	(99, 4, 6, '1', 1, '2021-06-26 23:38:16', 35, '2021-06-26 23:38:16', 35),
	(100, 5, 6, '1', 1, '2021-06-26 23:38:18', 35, '2021-06-26 23:38:18', 35),
	(101, 6, 6, '1', 1, '2021-06-26 23:38:23', 35, '2021-06-26 23:38:23', 35),
	(102, 7, 6, '1', 1, '2021-06-26 23:38:23', 35, '2021-06-26 23:38:23', 35),
	(103, 1, 50, '1', 1, '2021-06-26 23:38:33', 35, '2021-06-26 23:38:33', 35),
	(104, 2, 50, '1', 1, '2021-06-26 23:38:33', 35, '2021-06-26 23:38:33', 35),
	(105, 3, 50, '1', 1, '2021-06-26 23:38:34', 35, '2021-06-26 23:38:34', 35),
	(106, 4, 50, '1', 1, '2021-06-26 23:38:39', 35, '2021-06-26 23:38:39', 35),
	(107, 5, 50, '1', 1, '2021-06-26 23:38:42', 35, '2021-06-26 23:38:42', 35),
	(108, 6, 50, '1', 1, '2021-06-26 23:38:43', 35, '2021-06-26 23:38:43', 35),
	(109, 7, 50, '1', 1, '2021-06-26 23:38:53', 35, '2021-06-26 23:38:53', 35);
/*!40000 ALTER TABLE `PERMISSION_ACTION` ENABLE KEYS */;

-- Dumping structure for table vtman.POSITION
CREATE TABLE IF NOT EXISTS `POSITION` (
  `POSITION_ID` int(11) NOT NULL AUTO_INCREMENT,
  `POSITION_CODE` varchar(200) CHARACTER SET utf8 COLLATE utf8_unicode_ci DEFAULT NULL,
  `POSITION_NAME` varchar(200) CHARACTER SET utf8 COLLATE utf8_unicode_ci DEFAULT NULL,
  `CREATED_DATE` datetime DEFAULT NULL,
  `CREATED_BY` int(11) DEFAULT NULL,
  `UPDATED_DATE` datetime DEFAULT NULL,
  `UPDATED_BY` int(11) DEFAULT NULL,
  `STATUS` int(11) DEFAULT NULL,
  PRIMARY KEY (`POSITION_ID`)
) ENGINE=InnoDB AUTO_INCREMENT=4 DEFAULT CHARSET=utf8;

-- Dumping data for table vtman.POSITION: ~3 rows (approximately)
DELETE FROM `POSITION`;
/*!40000 ALTER TABLE `POSITION` DISABLE KEYS */;
INSERT INTO `POSITION` (`POSITION_ID`, `POSITION_CODE`, `POSITION_NAME`, `CREATED_DATE`, `CREATED_BY`, `UPDATED_DATE`, `UPDATED_BY`, `STATUS`) VALUES
	(1, 'ab02', 'Nhân viên', NULL, NULL, NULL, NULL, 1),
	(2, 'cb03', 'Trưởng phòng', NULL, NULL, NULL, NULL, 1),
	(3, 'gb04', 'Giám đốc', NULL, NULL, NULL, NULL, 1);
/*!40000 ALTER TABLE `POSITION` ENABLE KEYS */;

-- Dumping structure for table vtman.QUESTION_DEFINITION
CREATE TABLE IF NOT EXISTS `QUESTION_DEFINITION` (
  `QUESTION_DEFINITION_ID` int(11) NOT NULL AUTO_INCREMENT,
  `QUESTION_DEFINITION_NAME` varchar(500) CHARACTER SET utf8 COLLATE utf8_unicode_ci DEFAULT NULL,
  `ANSWER_DEFINITION` longtext CHARACTER SET utf8 COLLATE utf8_unicode_ci,
  `DESCRIPTION` varchar(500) CHARACTER SET utf8 COLLATE utf8_unicode_ci DEFAULT NULL,
  `NUMBER_ORDER` int(11) DEFAULT NULL,
  `TOPIC_ID` int(11) NOT NULL,
  `STATUS` int(11) NOT NULL,
  `CREATED_DATE` datetime DEFAULT NULL,
  `CREATED_BY` int(11) DEFAULT NULL,
  `UPDATED_DATE` datetime DEFAULT NULL,
  `UPDATED_BY` int(11) DEFAULT NULL,
  PRIMARY KEY (`QUESTION_DEFINITION_ID`),
  FULLTEXT KEY `full_text_search_idx` (`QUESTION_DEFINITION_NAME`)
) ENGINE=InnoDB AUTO_INCREMENT=431 DEFAULT CHARSET=utf8;

-- Dumping data for table vtman.QUESTION_DEFINITION: ~12 rows (approximately)
DELETE FROM `QUESTION_DEFINITION`;
/*!40000 ALTER TABLE `QUESTION_DEFINITION` DISABLE KEYS */;
INSERT INTO `QUESTION_DEFINITION` (`QUESTION_DEFINITION_ID`, `QUESTION_DEFINITION_NAME`, `ANSWER_DEFINITION`, `DESCRIPTION`, `NUMBER_ORDER`, `TOPIC_ID`, `STATUS`, `CREATED_DATE`, `CREATED_BY`, `UPDATED_DATE`, `UPDATED_BY`) VALUES
	(71, 'CBNV điều động sang đơn vị hạch toán độc lập có được giữ nguyên lương không', 'Khi CBNV được điều động từ đơn vị hạch toán phụ thuộc sang đơn vị hạch toán độc lập sẽ được phiên xếp lại lương theo quy chế hiện hành của đơn vị đến hoặc theo tờ trình riêng được TGĐ phê duyệt', '', 2, 46, 1, '2021-05-18 23:43:34', 21, '2021-05-19 07:50:18', NULL),
	(80, 'Phụ cấp thâm niên tính như thế nào', '<p>Phụ cấp thâm niên áp dụng với các đối tượng lao động trong danh sách có thâm niên làm việc tại Công ty mẹ -TĐ từ 3 năm trở lên.Công thức tính: Phụ cấp thâm niên = Hệ số x Mức lương mục tiêu x Thời gian làm việc</p>', '', 4, 48, 1, '2021-05-19 07:47:17', 21, '2021-06-25 09:41:43', 35),
	(81, 'Muốn thay đổi thông tin tài khoản cá nhân thì tôi phải làm gì', 'Khi có thay đổi thông tin trong hồ sơ đăng ký thuế đã nộp thì người nộp thuế phải thông báo với cơ quan thuế trong thời hạn 10 ngày làm việc, kể từ ngày có sự thay đổi thông tin (lưu giấy hẹn cấp CMT/Thẻ căn cước của Cơ quan Công an làm bằng chứng để tính lùi ngày nộp hồ sơ', '', 5, 56, 1, '2021-05-19 09:51:43', 21, NULL, NULL),
	(282, 'Chính sách hỗ trợ lương dịch covid như thế nào?', '<p>Lương đảm bảo đủ 100%</p>', 'Lương đảm bảo đủ 100%', 5, 46, 1, '2021-05-26 10:01:53', 24, '2021-05-27 04:17:39', NULL),
	(316, 'Quy định của công ty đối với bưu tá 2021 là gì?', '<p>Bưu tá sẽ thực hiện các công việc sản xuất và kỹ thuật,</p>', 'Bưu tá sẽ thực hiện các công việc sản xuất và kỹ thuật, Nhiều công việc hơn nữa', 5, 46, 1, '2021-05-27 02:02:30', NULL, '2021-05-27 04:15:00', NULL),
	(375, 'Ngày quốc tế thiêu nhi công ty có chương trình gì không', '<p>Chương trình vui chơi cho bố mẹ và bé</p>', 'kèm theo tiền thưởng lên đến 5 triệu đồng', 5, 123, 1, '2021-06-16 10:24:42', NULL, '2021-06-16 10:26:00', 35),
	(399, 'Máy tính tôi bị đen màn hình', 'Liên hệ với phòng công nghệ', '', 1, 126, 1, '2021-06-21 14:26:15', 35, NULL, NULL),
	(401, 'Điều kiện tuyển dụng vào vị trí sale của công ty là gì?', '<p>Có kinh nghiệm ít nhất 1 năm với vị trí tuyển dụng</p>', 'Ngoại ngữ tốt', 1, 73, 1, '2021-06-23 19:23:47', 35, '2021-06-26 18:56:15', 35),
	(424, 'Chế độ nghỉ thai sản của công ty sẽ như thế nào?', '<p><span style="font-size: 16px;">Nghỉ theo quy định của nhà nước.</span></p>', '', 1, 78, 1, '2021-06-30 15:18:59', 35, NULL, NULL),
	(425, 'Chính sách làm thêm giờ sẽ như thế nào?', 'Công ty sẽ có những chính sách riêng', '', 1, 123, 1, '2021-06-30 15:26:40', 35, NULL, NULL),
	(428, 'Phụ cấp thâm niên tính như thế nào', '<p>Kệ ông nhé g</p>', '', NULL, 123, 1, '2021-06-30 18:41:18', 35, '2021-06-30 18:42:30', 35),
	(430, 'Chế độ nghỉ thai sản của công ty sẽ như thế nào?', 'xf', '', 2, 56, 0, '2021-06-30 19:16:29', 35, NULL, NULL);
/*!40000 ALTER TABLE `QUESTION_DEFINITION` ENABLE KEYS */;

-- Dumping structure for table vtman.ROLE
CREATE TABLE IF NOT EXISTS `ROLE` (
  `ROLE_ID` int(11) NOT NULL AUTO_INCREMENT,
  `ROLE_NAME` varchar(500) CHARACTER SET utf8 COLLATE utf8_unicode_ci NOT NULL,
  `DESCRIPTION` varchar(500) CHARACTER SET utf8 COLLATE utf8_unicode_ci DEFAULT NULL,
  `STATUS` int(11) DEFAULT NULL,
  `CREATED_DATE` datetime DEFAULT NULL,
  `CREATED_BY` int(11) DEFAULT NULL,
  `UPDATED_DATE` datetime DEFAULT NULL,
  `UPDATED_BY` int(11) DEFAULT NULL,
  PRIMARY KEY (`ROLE_ID`)
) ENGINE=InnoDB AUTO_INCREMENT=66 DEFAULT CHARSET=utf8;

-- Dumping data for table vtman.ROLE: ~5 rows (approximately)
DELETE FROM `ROLE`;
/*!40000 ALTER TABLE `ROLE` DISABLE KEYS */;
INSERT INTO `ROLE` (`ROLE_ID`, `ROLE_NAME`, `DESCRIPTION`, `STATUS`, `CREATED_DATE`, `CREATED_BY`, `UPDATED_DATE`, `UPDATED_BY`) VALUES
	(1, 'ADMIN', 'Quản trị hệ thống', 1, '2021-05-31 00:00:00', NULL, '2021-06-25 10:00:27', 35),
	(2, 'Giám đốc', 'Giám đốc', 1, '2021-05-31 00:00:00', NULL, '2021-06-14 17:21:28', 35),
	(5, 'Đầu mối phòng ban', 'Người nhận trách nhiệm trả lời câu hỏi', 1, '2021-05-31 00:00:00', NULL, '2021-06-25 09:40:02', 35),
	(6, 'Trưởng phòng', 'Trưởng phòng các phòng ban', 1, '2021-05-31 00:00:00', NULL, '2021-06-25 09:39:45', 35),
	(56, 'Kiểm nghiệm viên', 'Chức vụ kiểm nghiệm viên', NULL, '2021-06-28 10:26:11', 35, '2021-06-30 10:38:46', 35);
/*!40000 ALTER TABLE `ROLE` ENABLE KEYS */;

-- Dumping structure for table vtman.TOKEN_FCM
CREATE TABLE IF NOT EXISTS `TOKEN_FCM` (
  `ID` int(11) NOT NULL AUTO_INCREMENT,
  `EMPLOYEE_ID` int(11) NOT NULL,
  `TOKEN` varchar(255) CHARACTER SET utf8 COLLATE utf8_unicode_ci NOT NULL,
  PRIMARY KEY (`ID`),
  UNIQUE KEY `TOKEN` (`TOKEN`)
) ENGINE=InnoDB AUTO_INCREMENT=431 DEFAULT CHARSET=utf8;

-- Dumping data for table vtman.TOKEN_FCM: ~8 rows (approximately)
DELETE FROM `TOKEN_FCM`;
/*!40000 ALTER TABLE `TOKEN_FCM` DISABLE KEYS */;
INSERT INTO `TOKEN_FCM` (`ID`, `EMPLOYEE_ID`, `TOKEN`) VALUES
	(414, 22, 'ezB410sPRLitDDvgzEVlCd:APA91bEyzxqMRb_Byd7hDxQQUGCFsTyGbJJ2qmKs9TdmzZxchmFp8wxZym1uoTQV70d4Cytbf7IUbqueJDFqi453tYL2PW5s5HUQ2uN-a4dqkHG4ZijtW6y9e4T8DYf47ubyzxHPGOFy'),
	(416, 24, 'fcAExw6CTdeJUl5fpb1zb4:APA91bGzeu0cNz1DLccriDq7EQWGa76g8m63UGYw2D0fztBZXzRa4xy5vzmTlcYX3QABe19al8hhOWvXqO1YL0Bt69S1CI3ZI0xhk7b9ob-uVZ2hwIQhbqwCyodUY7wAELn2pba7A3WT'),
	(418, 22, 'e2iv69y4SzeEnpv-yJe8aH:APA91bHVS884u8Y3XjpHALKMTwuTRmsRiIwuohtItlZG3qmTDcmAw4D4bNADfsYMixwEm-MEDI1ARiy7_sg5Xyobv7tWHlhwx243asRYRQVprT_cnAFvKVTP5uHPWEJpxgOF-1iBBKlt'),
	(422, 46, 'dA37wwikQBS0wViydlCHFy:APA91bHWDcCQMaeRf6Z9GCNOBji99tNxcA2IF2iaL9ptmhVWpjOrnrHSREHZDv5UABrO1VziGRHv3k_iow91xc3fgXHI56Z4yptsd_kpzXb-clYo18LbmmktmYN8qfeuhr9RXEaYtt4r'),
	(423, 21, 'fTRdNdu3yvE:APA91bENBi8qjqcMHWxGc6moNnyOhRy84LMg2ypYbtRIVcIfzOhCA8ovndu6aUaakyyEKjOVKIO1X2074rSKmw-0YjbNZ1OKLW5ad5CEs3Mkg66-MjlZAtRtBug39kcdsGqUAiiq_GX5'),
	(425, 27, 'cjLfNT9ovy0:APA91bHyPDbQunuMdVuctBmW5LXqR1rTfFt1ilh0sLTUrr7k0EPbtojNTxLbmzYDeuyBdu4dfWo_459uimsRlfiHI52NWCNpAeP_eqs7zycdQ6Zo_BChDFAHjxHD7P5X3nFPpjSEnhij'),
	(428, 24, 'f21E6dLITr4:APA91bHAmsCiY2cwohpu0Bu5n5lAojJnal6T3kbF4t7T75gkVCXDC95_HTVWmIHFt3Orb5iN14AyuHr57sWjZ58j8ekcyz-OVbxVsjeycOBGL4Fpl39XUZIThIZHlBQvgcxzKFF0d8Rn'),
	(430, 24, 'dgBqi3LisWA:APA91bHvRnvv5qprQeSzdojJeSxvEIa31x4o7AGF2uhFzVAD8s6F6LI_3zGBo-RKEf9ez6FsdnbMgLLNs0PXCCXh2YCPW7M_rg3ac4x0kRQV7_rCbpwY_Wbx_q5cOq_1IEsPvlpLnbGa');
/*!40000 ALTER TABLE `TOKEN_FCM` ENABLE KEYS */;

-- Dumping structure for table vtman.TOPIC
CREATE TABLE IF NOT EXISTS `TOPIC` (
  `TOPIC_ID` int(11) NOT NULL AUTO_INCREMENT,
  `TOPIC_NAME` varchar(200) CHARACTER SET utf8 COLLATE utf8_unicode_ci DEFAULT NULL,
  `ANSWER_EMPLOYEE_ID` varchar(200) CHARACTER SET utf8 COLLATE utf8_unicode_ci NOT NULL,
  `DEPARTMENT_ID` int(11) NOT NULL,
  `DESCRIPTION` varchar(500) CHARACTER SET utf8 COLLATE utf8_unicode_ci DEFAULT NULL,
  `NUMBER_ORDER` int(11) DEFAULT NULL,
  `STATUS` int(11) NOT NULL,
  `CREATED_DATE` datetime DEFAULT NULL,
  `CREATED_BY` int(11) DEFAULT NULL,
  `UPDATED_DATE` datetime DEFAULT NULL,
  `UPDATED_BY` int(11) DEFAULT NULL,
  `TOPIC_CODE` varchar(200) CHARACTER SET utf8 COLLATE utf8_unicode_ci NOT NULL,
  PRIMARY KEY (`TOPIC_ID`)
) ENGINE=InnoDB AUTO_INCREMENT=169 DEFAULT CHARSET=utf8;

-- Dumping data for table vtman.TOPIC: ~9 rows (approximately)
DELETE FROM `TOPIC`;
/*!40000 ALTER TABLE `TOPIC` DISABLE KEYS */;
INSERT INTO `TOPIC` (`TOPIC_ID`, `TOPIC_NAME`, `ANSWER_EMPLOYEE_ID`, `DEPARTMENT_ID`, `DESCRIPTION`, `NUMBER_ORDER`, `STATUS`, `CREATED_DATE`, `CREATED_BY`, `UPDATED_DATE`, `UPDATED_BY`, `TOPIC_CODE`) VALUES
	(48, 'Quy trình Nghiệp vụ', '22', 5, 'Quy trình Nghiệp vụ', NULL, 1, '2021-05-19 09:43:29', 21, '2021-06-28 11:58:19', 35, 'QTNV'),
	(56, 'Thi Khảo sát', '1', 6, 'Thi Khảo sát', 3, 1, '2021-05-20 05:38:18', 21, '2021-06-30 19:13:04', 35, 'TKS'),
	(62, 'Sản phẩm Dịch vụ', '23', 12, 'Sản phẩm Dịch vụ', NULL, 1, '2021-05-21 09:28:55', 21, '2021-06-28 11:58:19', 35, 'SPDV'),
	(73, 'Sale & Marketing', '24', 11, 'Sale & Marketing', NULL, 1, '2021-05-20 06:57:14', 21, '2021-06-28 11:58:19', 35, 'SM'),
	(78, 'Đời sống', '25,4', 9, 'Đời sống', NULL, 1, '2021-05-23 08:56:53', 21, '2021-06-28 11:58:19', 35, 'DS'),
	(123, 'Chế độ chính sách', '25', 9, 'Tôi muốn tham gia hoạt động\nNghiên cứu phát triển\nnhưng hiện tại \nchưa có chính sách cho nhân viên \nđược kết hợp \nhai chức vụ chính và kiêm nhiệm\nthêm công việc\nnghiên cứu trong\nnội bộ', NULL, 1, '2021-06-16 09:38:23', 35, '2021-06-28 11:58:19', 35, 'KH01-20_90'),
	(126, 'Quy định Lao động', '27', 1, 'nội quy lao động.', NULL, 1, '2021-06-21 08:24:20', 35, '2021-06-28 11:58:19', 35, 'KL049349'),
	(163, 'Chế độ chính sác', '79', 4, '', 5, 0, '2021-06-30 17:53:33', 35, '2021-06-30 19:11:54', 35, 'KH01-20_9'),
	(164, 'Quy định', '8', 33, '', NULL, 1, '2021-06-30 18:17:29', 35, NULL, NULL, 'KL0493495555');
/*!40000 ALTER TABLE `TOPIC` ENABLE KEYS */;

-- Dumping structure for table vtman.WORK_CALENDAR
CREATE TABLE IF NOT EXISTS `WORK_CALENDAR` (
  `WORK_CALENDAR_ID` int(11) NOT NULL,
  `DAYS` varchar(500) CHARACTER SET utf8 COLLATE utf8_unicode_ci DEFAULT NULL,
  `STATUS` int(11) DEFAULT NULL,
  `BEGIN_WORK_TIME_AM` varchar(500) CHARACTER SET utf8 COLLATE utf8_unicode_ci DEFAULT NULL,
  `END_WORK_TIME_AM` varchar(500) CHARACTER SET utf8 COLLATE utf8_unicode_ci DEFAULT NULL,
  `BEGIN_WORK_TIME_PM` varchar(500) CHARACTER SET utf8 COLLATE utf8_unicode_ci DEFAULT NULL,
  `END_WORK_TIME_PM` varchar(500) CHARACTER SET utf8 COLLATE utf8_unicode_ci DEFAULT NULL,
  `CREATED_DATE` datetime DEFAULT NULL,
  `CREATED_BY` int(11) DEFAULT NULL,
  `UPDATED_DATE` datetime DEFAULT NULL,
  `UPDATED_BY` int(11) DEFAULT NULL,
  `IS_UPDATE` varchar(45) CHARACTER SET utf8 COLLATE utf8_unicode_ci DEFAULT NULL,
  PRIMARY KEY (`WORK_CALENDAR_ID`)
) ENGINE=InnoDB DEFAULT CHARSET=utf8;

-- Dumping data for table vtman.WORK_CALENDAR: ~7 rows (approximately)
DELETE FROM `WORK_CALENDAR`;
/*!40000 ALTER TABLE `WORK_CALENDAR` DISABLE KEYS */;
INSERT INTO `WORK_CALENDAR` (`WORK_CALENDAR_ID`, `DAYS`, `STATUS`, `BEGIN_WORK_TIME_AM`, `END_WORK_TIME_AM`, `BEGIN_WORK_TIME_PM`, `END_WORK_TIME_PM`, `CREATED_DATE`, `CREATED_BY`, `UPDATED_DATE`, `UPDATED_BY`, `IS_UPDATE`) VALUES
	(1, 'MON', 1, '08:00', '12:00', '13:30', '17:30', '2021-06-02 14:29:54', 35, '2021-06-28 12:00:55', 35, ''),
	(2, 'TUE', 1, '08:00', '12:00', '13:30', '17:30', '2021-06-02 14:29:54', 35, '2021-06-17 13:33:52', NULL, ''),
	(3, 'WED', 1, '08:00', '12:00', '13:30', '17:30', '2021-06-02 14:29:54', 35, '2021-06-17 15:20:04', NULL, ''),
	(4, 'THU', 1, '08:00', '12:00', '13:30', '17:30', '2021-06-02 14:29:54', 35, '2021-06-28 10:05:10', 35, ''),
	(5, 'FRI', 1, '08:00', '12:00', '13:30', '17:30', '2021-06-02 14:29:54', 35, '2021-06-30 15:36:27', 35, ''),
	(6, 'SAT', 2, '08:00', '12:00', NULL, NULL, '2021-06-02 14:29:54', 35, '2021-06-28 10:06:59', 35, NULL),
	(7, 'SUN', 3, NULL, NULL, NULL, NULL, '2021-06-02 14:29:54', 35, '2021-06-17 14:54:12', NULL, '');
/*!40000 ALTER TABLE `WORK_CALENDAR` ENABLE KEYS */;

/*!40101 SET SQL_MODE=IFNULL(@OLD_SQL_MODE, '') */;
/*!40014 SET FOREIGN_KEY_CHECKS=IFNULL(@OLD_FOREIGN_KEY_CHECKS, 1) */;
/*!40101 SET CHARACTER_SET_CLIENT=@OLD_CHARACTER_SET_CLIENT */;
/*!40111 SET SQL_NOTES=IFNULL(@OLD_SQL_NOTES, 1) */;

ALTER TABLE EMPLOYEE
ADD COLUMN PHONE  varchar(200) CHARACTER SET utf8 COLLATE utf8_unicode_ci DEFAULT NULL,
ADD COLUMN POST_OFFICE_CODE  varchar(200) CHARACTER SET utf8 COLLATE utf8_unicode_ci DEFAULT NULL;

ALTER TABLE `QUESTION_DEFINITION`
DROP INDEX `full_text_search_idx` ,
ADD FULLTEXT INDEX `question_full_text_search_idx` (`QUESTION_DEFINITION_NAME`);

ALTER TABLE `ROLE` ADD COLUMN `ROLE_GROUP` varchar(500) CHARACTER SET utf8 COLLATE utf8_bin DEFAULT NULL;

ALTER TABLE `QUESTION_DEFINITION` ADD COLUMN `ANSWER_DEFINITION_FLAT` longtext;